sample_id,VIN,vehicle_id,trip_id,split,prefix_fraction,origin_latitude,origin_longitude,actual_latitude,actual_longitude,actual_cell,predicted_latitude,predicted_longitude,predicted_cell,predicted_cell_probability,actual_rank,top_k_candidates,error_km
VIN000_20260213T070000Z_0001@0.000,VIN000,vehicle-80f0703af4,VIN000_20260213T070000Z_0001,train,0.0,48.8,2.2,48.81,2.208,g13881:18220,48.81000000000009,2.2079999999999997,g13881:18220,0.9583333333333334,1.0,"[{""rank"":1,""cell"":""g13881:18220"",""probability"":0.9583333333333334,""latitude"":48.815000000000005,""longitude"":2.205000000000017},{""rank"":2,""cell"":""g13881:18221"",""probability"":0.041666666666666664,""latitude"":48.815000000000005,""longitude"":2.215000000000008},{""rank"":3,""cell"":""g13921:18248"",""probability"":0.0,""latitude"":49.21500000000001,""longitude"":2.4849999999999897},{""rank"":4,""cell"":""g13920:18248"",""probability"":0.0,""latitude"":49.20500000000002,""longitude"":2.4849999999999897},{""rank"":5,""cell"":""g13918:18246"",""probability"":0.0,""latitude"":49.18500000000001,""longitude"":2.465000000000008}]",9.481118552860606e-12
VIN000_20260213T070000Z_0001@0.250,VIN000,vehicle-80f0703af4,VIN000_20260213T070000Z_0001,train,0.25,48.8,2.2,48.81,2.208,g13881:18220,48.81000000000009,2.2079999999999997,g13881:18220,0.9583333333333334,1.0,"[{""rank"":1,""cell"":""g13881:18220"",""probability"":0.9583333333333334,""latitude"":48.815000000000005,""longitude"":2.205000000000017},{""rank"":2,""cell"":""g13881:18221"",""probability"":0.041666666666666664,""latitude"":48.815000000000005,""longitude"":2.215000000000008},{""rank"":3,""cell"":""g13921:18248"",""probability"":0.0,""latitude"":49.21500000000001,""longitude"":2.4849999999999897},{""rank"":4,""cell"":""g13920:18248"",""probability"":0.0,""latitude"":49.20500000000002,""longitude"":2.4849999999999897},{""rank"":5,""cell"":""g13918:18246"",""probability"":0.0,""latitude"":49.18500000000001,""longitude"":2.465000000000008}]",9.481118552860606e-12
VIN000_20260213T070000Z_0001@0.500,VIN000,vehicle-80f0703af4,VIN000_20260213T070000Z_0001,train,0.5,48.8,2.2,48.81,2.208,g13881:18220,48.81000000000009,2.2079999999999997,g13881:18220,0.925,1.0,"[{""rank"":1,""cell"":""g13881:18220"",""probability"":0.925,""latitude"":48.815000000000005,""longitude"":2.205000000000017},{""rank"":2,""cell"":""g13881:18221"",""probability"":0.06666666666666667,""latitude"":48.815000000000005,""longitude"":2.215000000000008},{""rank"":3,""cell"":""g13887:18224"",""probability"":0.008333333333333333,""latitude"":48.87500000000001,""longitude"":2.245000000000009},{""rank"":4,""cell"":""g13921:18248"",""probability"":0.0,""latitude"":49.21500000000001,""longitude"":2.4849999999999897},{""rank"":5,""cell"":""g13918:18246"",""probability"":0.0,""latitude"":49.18500000000001,""longitude"":2.465000000000008}]",9.481118552860606e-12
VIN000_20260213T100000Z_0002@0.000,VIN000,vehicle-80f0703af4,VIN000_20260213T100000Z_0002,train,0.0,48.803,2.204,48.817,2.215,g13881:18221,48.817,2.215000000000002,g13881:18221,0.8666666666666667,1.0,"[{""rank"":1,""cell"":""g13881:18221"",""probability"":0.8666666666666667,""latitude"":48.815000000000005,""longitude"":2.215000000000008},{""rank"":2,""cell"":""g13882:18222"",""probability"":0.058333333333333334,""latitude"":48.824999999999996,""longitude"":2.2249999999999988},{""rank"":3,""cell"":""g13881:18220"",""probability"":0.058333333333333334,""latitude"":48.815000000000005,""longitude"":2.205000000000017},{""rank"":4,""cell"":""g13884:18223"",""probability"":0.016666666666666666,""latitude"":48.845000000000006,""longitude"":2.2349999999999897},{""rank"":5,""cell"":""g13921:18248"",""probability"":0.0,""latitude"":49.21500000000001,""longitude"":2.4849999999999897}]",1.6257706355978305e-13
VIN000_20260213T100000Z_0002@0.250,VIN000,vehicle-80f0703af4,VIN000_20260213T100000Z_0002,train,0.25,48.803,2.204,48.817,2.215,g13881:18221,48.817,2.215000000000002,g13881:18221,0.8916666666666667,1.0,"[{""rank"":1,""cell"":""g13881:18221"",""probability"":0.8916666666666667,""latitude"":48.815000000000005,""longitude"":2.215000000000008},{""rank"":2,""cell"":""g13882:18222"",""probability"":0.06666666666666667,""latitude"":48.824999999999996,""longitude"":2.2249999999999988},{""rank"":3,""cell"":""g13881:18220"",""probability"":0.025,""latitude"":48.815000000000005,""longitude"":2.205000000000017},{""rank"":4,""cell"":""g13884:18222"",""probability"":0.008333333333333333,""latitude"":48.845000000000006,""longitude"":2.2249999999999988},{""rank"":5,""cell"":""g13884:18223"",""probability"":0.008333333333333333,""latitude"":48.845000000000006,""longitude"":2.2349999999999897}]",1.6257706355978305e-13
VIN000_20260213T100000Z_0002@0.500,VIN000,vehicle-80f0703af4,VIN000_20260213T100000Z_0002,train,0.5,48.803,2.204,48.817,2.215,g13881:18221,48.817,2.215000000000002,g13881:18221,0.8916666666666667,1.0,"[{""rank"":1,""cell"":""g13881:18221"",""probability"":0.8916666666666667,""latitude"":48.815000000000005,""longitude"":2.215000000000008},{""rank"":2,""cell"":""g13882:18222"",""probability"":0.06666666666666667,""latitude"":48.824999999999996,""longitude"":2.2249999999999988},{""rank"":3,""cell"":""g13881:18220"",""probability"":0.025,""latitude"":48.815000000000005,""longitude"":2.205000000000017},{""rank"":4,""cell"":""g13884:18222"",""probability"":0.008333333333333333,""latitude"":48.845000000000006,""longitude"":2.2249999999999988},{""rank"":5,""cell"":""g13884:18223"",""probability"":0.008333333333333333,""latitude"":48.845000000000006,""longitude"":2.2349999999999897}]",1.6257706355978305e-13
VIN000_20260213T130000Z_0003@0.000,VIN000,vehicle-80f0703af4,VIN000_20260213T130000Z_0003,train,0.0,48.806,2.208,48.824,2.222,g13882:18222,48.82399999999992,2.222000000000002,g13882:18222,0.8416666666666667,1.0,"[{""rank"":1,""cell"":""g13882:18222"",""probability"":0.8416666666666667,""latitude"":48.824999999999996,""longitude"":2.2249999999999988},{""rank"":2,""cell"":""g13881:18222"",""probability"":0.075,""latitude"":48.815000000000005,""longitude"":2.2249999999999988},{""rank"":3,""cell"":""g13881:18221"",""probability"":0.058333333333333334,""latitude"":48.815000000000005,""longitude"":2.215000000000008},{""rank"":4,""cell"":""g13885:18224"",""probability"":0.008333333333333333,""latitude"":48.855,""longitude"":2.245000000000009},{""rank"":5,""cell"":""g13884:18222"",""probability"":0.008333333333333333,""latitude"":48.845000000000006,""longitude"":2.2249999999999988}]",8.692494276619493e-12
VIN000_20260213T130000Z_0003@0.250,VIN000,vehicle-80f0703af4,VIN000_20260213T130000Z_0003,train,0.25,48.806,2.208,48.824,2.222,g13882:18222,48.82399999999992,2.222000000000002,g13882:18222,0.9083333333333333,1.0,"[{""rank"":1,""cell"":""g13882:18222"",""probability"":0.9083333333333333,""latitude"":48.824999999999996,""longitude"":2.2249999999999988},{""rank"":2,""cell"":""g13881:18222"",""probability"":0.041666666666666664,""latitude"":48.815000000000005,""longitude"":2.2249999999999988},{""rank"":3,""cell"":""g13881:18221"",""probability"":0.03333333333333333,""latitude"":48.815000000000005,""longitude"":2.215000000000008},{""rank"":4,""cell"":""g13885:18224"",""probability"":0.016666666666666666,""latitude"":48.855,""longitude"":2.245000000000009},{""rank"":5,""cell"":""g13921:18248"",""probability"":0.0,""latitude"":49.21500000000001,""longitude"":2.4849999999999897}]",8.692494276619493e-12
VIN000_20260213T130000Z_0003@0.500,VIN000,vehicle-80f0703af4,VIN000_20260213T130000Z_0003,train,0.5,48.806,2.208,48.824,2.222,g13882:18222,48.82399999999992,2.222000000000002,g13882:18222,0.9,1.0,"[{""rank"":1,""cell"":""g13882:18222"",""probability"":0.9,""latitude"":48.824999999999996,""longitude"":2.2249999999999988},{""rank"":2,""cell"":""g13881:18221"",""probability"":0.05,""latitude"":48.815000000000005,""longitude"":2.215000000000008},{""rank"":3,""cell"":""g13881:18222"",""probability"":0.03333333333333333,""latitude"":48.815000000000005,""longitude"":2.2249999999999988},{""rank"":4,""cell"":""g13885:18224"",""probability"":0.016666666666666666,""latitude"":48.855,""longitude"":2.245000000000009},{""rank"":5,""cell"":""g13921:18248"",""probability"":0.0,""latitude"":49.21500000000001,""longitude"":2.4849999999999897}]",8.692494276619493e-12
VIN000_20260213T160000Z_0004@0.000,VIN000,vehicle-80f0703af4,VIN000_20260213T160000Z_0004,train,0.0,48.809,2.212,48.819,2.229,g13881:18222,48.8190000000001,2.2290000000000054,g13881:18222,0.825,1.0,"[{""rank"":1,""cell"":""g13881:18222"",""probability"":0.825,""latitude"":48.815000000000005,""longitude"":2.2249999999999988},{""rank"":2,""cell"":""g13882:18222"",""probability"":0.15833333333333333,""latitude"":48.824999999999996,""longitude"":2.2249999999999988},{""rank"":3,""cell"":""g13884:18222"",""probability"":0.008333333333333333,""latitude"":48.845000000000006,""longitude"":2.2249999999999988},{""rank"":4,""cell"":""g13885:18224"",""probability"":0.008333333333333333,""latitude"":48.855,""longitude"":2.245000000000009},{""rank"":5,""cell"":""g13921:18248"",""probability"":0.0,""latitude"":49.21500000000001,""longitude"":2.4849999999999897}]",1.1068119105490189e-11
VIN000_20260213T160000Z_0004@0.250,VIN000,vehicle-80f0703af4,VIN000_20260213T160000Z_0004,train,0.25,48.809,2.212,48.819,2.229,g13881:18222,48.8190000000001,2.2290000000000054,g13881:18222,0.8333333333333334,1.0,"[{""rank"":1,""cell"":""g13881:18222"",""probability"":0.8333333333333334,""latitude"":48.815000000000005,""longitude"":2.2249999999999988},{""rank"":2,""cell"":""g13882:18222"",""probability"":0.15,""latitude"":48.824999999999996,""longitude"":2.2249999999999988},{""rank"":3,""cell"":""g13884:18222"",""probability"":0.008333333333333333,""latitude"":48.845000000000006,""longitude"":2.2249999999999988},{""rank"":4,""cell"":""g13885:18224"",""probability"":0.008333333333333333,""latitude"":48.855,""longitude"":2.245000000000009},{""rank"":5,""cell"":""g13921:18248"",""probability"":0.0,""latitude"":49.21500000000001,""longitude"":2.4849999999999897}]",1.1068119105490189e-11
VIN000_20260213T160000Z_0004@0.500,VIN000,vehicle-80f0703af4,VIN000_20260213T160000Z_0004,train,0.5,48.809,2.212,48.819,2.229,g13881:18222,48.8190000000001,2.2290000000000054,g13881:18222,0.8416666666666667,1.0,"[{""rank"":1,""cell"":""g13881:18222"",""probability"":0.8416666666666667,""latitude"":48.815000000000005,""longitude"":2.2249999999999988},{""rank"":2,""cell"":""g13882:18222"",""probability"":0.1,""latitude"":48.824999999999996,""longitude"":2.2249999999999988},{""rank"":3,""cell"":""g13884:18223"",""probability"":0.016666666666666666,""latitude"":48.845000000000006,""longitude"":2.2349999999999897},{""rank"":4,""cell"":""g13884:18224"",""probability"":0.008333333333333333,""latitude"":48.845000000000006,""longitude"":2.245000000000009},{""rank"":5,""cell"":""g13896:18232"",""probability"":0.008333333333333333,""latitude"":48.96500000000001,""longitude"":2.324999999999993}]",1.1068119105490189e-11
VIN000_20260213T190000Z_0005@0.000,VIN000,vehicle-80f0703af4,VIN000_20260213T190000Z_0005,train,0.0,48.812,2.216,48.826,2.224,g13882:18222,48.826000000000015,2.223999999999996,g13882:18222,0.9,1.0,"[{""rank"":1,""cell"":""g13882:18222"",""probability"":0.9,""latitude"":48.824999999999996,""longitude"":2.2249999999999988},{""rank"":2,""cell"":""g13881:18222"",""probability"":0.05,""latitude"":48.815000000000005,""longitude"":2.2249999999999988},{""rank"":3,""cell"":""g13884:18224"",""probability"":0.016666666666666666,""latitude"":48.845000000000006,""longitude"":2.245000000000009},{""rank"":4,""cell"":""g13887:18224"",""probability"":0.008333333333333333,""latitude"":48.87500000000001,""longitude"":2.245000000000009},{""rank"":5,""cell"":""g13881:18220"",""probability"":0.008333333333333333,""latitude"":48.815000000000005,""longitude"":2.205000000000017}]",1.6070365367377357e-12
VIN000_20260213T190000Z_0005@0.250,VIN000,vehicle-80f0703af4,VIN000_20260213T190000Z_0005,train,0.25,48.812,2.216,48.826,2.224,g13882:18222,48.826000000000015,2.223999999999996,g13882:18222,0.95,1.0,"[{""rank"":1,""cell"":""g13882:18222"",""probability"":0.95,""latitude"":48.824999999999996,""longitude"":2.2249999999999988},{""rank"":2,""cell"":""g13881:18222"",""probability"":0.03333333333333333,""latitude"":48.815000000000005,""longitude"":2.2249999999999988},{""rank"":3,""cell"":""g13881:18220"",""probability"":0.008333333333333333,""latitude"":48.815000000000005,""longitude"":2.205000000000017},{""rank"":4,""cell"":""g13884:18222"",""probability"":0.008333333333333333,""latitude"":48.845000000000006,""longitude"":2.2249999999999988},{""rank"":5,""cell"":""g13921:18248"",""probability"":0.0,""latitude"":49.21500000000001,""longitude"":2.4849999999999897}]",1.6070365367377357e-12
VIN000_20260213T190000Z_0005@0.500,VIN000,vehicle-80f0703af4,VIN000_20260213T190000Z_0005,train,0.5,48.812,2.216,48.826,2.224,g13882:18222,48.826000000000015,2.223999999999996,g13882:18222,0.9083333333333333,1.0,"[{""rank"":1,""cell"":""g13882:18222"",""probability"":0.9083333333333333,""latitude"":48.824999999999996,""longitude"":2.2249999999999988},{""rank"":2,""cell"":""g13884:18222"",""probability"":0.041666666666666664,""latitude"":48.845000000000006,""longitude"":2.2249999999999988},{""rank"":3,""cell"":""g13881:18222"",""probability"":0.03333333333333333,""latitude"":48.815000000000005,""longitude"":2.2249999999999988},{""rank"":4,""cell"":""g13884:18224"",""probability"":0.008333333333333333,""latitude"":48.845000000000006,""longitude"":2.245000000000009},{""rank"":5,""cell"":""g13884:18223"",""probability"":0.008333333333333333,""latitude"":48.845000000000006,""longitude"":2.2349999999999897}]",1.6070365367377357e-12
VIN001_20260213T070000Z_0001@0.000,VIN001,vehicle-5dec1da84d,VIN001_20260213T070000Z_0001,train,0.0,48.83,2.22,48.84,2.228,g13884:18222,48.84000000000008,2.2280000000000033,g13884:18222,0.9416666666666667,1.0,"[{""rank"":1,""cell"":""g13884:18222"",""probability"":0.9416666666666667,""latitude"":48.845000000000006,""longitude"":2.2249999999999988},{""rank"":2,""cell"":""g13887:18224"",""probability"":0.016666666666666666,""latitude"":48.87500000000001,""longitude"":2.245000000000009},{""rank"":3,""cell"":""g13884:18223"",""probability"":0.016666666666666666,""latitude"":48.845000000000006,""longitude"":2.2349999999999897},{""rank"":4,""cell"":""g13884:18224"",""probability"":0.008333333333333333,""latitude"":48.845000000000006,""longitude"":2.245000000000009},{""rank"":5,""cell"":""g13882:18222"",""probability"":0.008333333333333333,""latitude"":48.824999999999996,""longitude"":2.2249999999999988}]",8.693951382668035e-12
VIN001_20260213T070000Z_0001@0.250,VIN001,vehicle-5dec1da84d,VIN001_20260213T070000Z_0001,train,0.25,48.83,2.22,48.84,2.228,g13884:18222,48.84000000000008,2.2280000000000033,g13884:18222,0.9333333333333333,1.0,"[{""rank"":1,""cell"":""g13884:18222"",""probability"":0.9333333333333333,""latitude"":48.845000000000006,""longitude"":2.2249999999999988},{""rank"":2,""cell"":""g13887:18224"",""probability"":0.016666666666666666,""latitude"":48.87500000000001,""longitude"":2.245000000000009},{""rank"":3,""cell"":""g13884:18223"",""probability"":0.016666666666666666,""latitude"":48.845000000000006,""longitude"":2.2349999999999897},{""rank"":4,""cell"":""g13884:18224"",""probability"":0.008333333333333333,""latitude"":48.845000000000006,""longitude"":2.245000000000009},{""rank"":5,""cell"":""g13881:18222"",""probability"":0.008333333333333333,""latitude"":48.815000000000005,""longitude"":2.2249999999999988}]",8.693951382668035e-12
VIN001_20260213T070000Z_0001@0.500,VIN001,vehicle-5dec1da84d,VIN001_20260213T070000Z_0001,train,0.5,48.83,2.22,48.84,2.228,g13884:18222,48.84000000000008,2.2280000000000033,g13884:18222,0.9,1.0,"[{""rank"":1,""cell"":""g13884:18222"",""probability"":0.9,""latitude"":48.845000000000006,""longitude"":2.2249999999999988},{""rank"":2,""cell"":""g13884:18223"",""probability"":0.058333333333333334,""latitude"":48.845000000000006,""longitude"":2.2349999999999897},{""rank"":3,""cell"":""g13887:18224"",""probability"":0.025,""latitude"":48.87500000000001,""longitude"":2.245000000000009},{""rank"":4,""cell"":""g13884:18224"",""probability"":0.008333333333333333,""latitude"":48.845000000000006,""longitude"":2.245000000000009},{""rank"":5,""cell"":""g13881:18220"",""probability"":0.008333333333333333,""latitude"":48.815000000000005,""longitude"":2.205000000000017}]",8.693951382668035e-12
VIN001_20260213T100000Z_0002@0.000,VIN001,vehicle-5dec1da84d,VIN001_20260213T100000Z_0002,train,0.0,48.833,2.224,48.847,2.235,g13884:18223,48.846999999999994,2.235000000000007,g13884:18223,0.8666666666666667,1.0,"[{""rank"":1,""cell"":""g13884:18223"",""probability"":0.8666666666666667,""latitude"":48.845000000000006,""longitude"":2.2349999999999897},{""rank"":2,""cell"":""g13884:18222"",""probability"":0.06666666666666667,""latitude"":48.845000000000006,""longitude"":2.2249999999999988},{""rank"":3,""cell"":""g13885:18224"",""probability"":0.03333333333333333,""latitude"":48.855,""longitude"":2.245000000000009},{""rank"":4,""cell"":""g13884:18224"",""probability"":0.016666666666666666,""latitude"":48.845000000000006,""longitude"":2.245000000000009},{""rank"":5,""cell"":""g13887:18225"",""probability"":0.008333333333333333,""latitude"":48.87500000000001,""longitude"":2.255}]",9.458184485000835e-13
VIN001_20260213T100000Z_0002@0.250,VIN001,vehicle-5dec1da84d,VIN001_20260213T100000Z_0002,train,0.25,48.833,2.224,48.847,2.235,g13884:18223,48.846999999999994,2.235000000000007,g13884:18223,0.975,1.0,"[{""rank"":1,""cell"":""g13884:18223"",""probability"":0.975,""latitude"":48.845000000000006,""longitude"":2.2349999999999897},{""rank"":2,""cell"":""g13885:18224"",""probability"":0.008333333333333333,""latitude"":48.855,""longitude"":2.245000000000009},{""rank"":3,""cell"":""g13884:18224"",""probability"":0.008333333333333333,""latitude"":48.845000000000006,""longitude"":2.245000000000009},{""rank"":4,""cell"":""g13887:18224"",""probability"":0.008333333333333333,""latitude"":48.87500000000001,""longitude"":2.245000000000009},{""rank"":5,""cell"":""g13921:18248"",""probability"":0.0,""latitude"":49.21500000000001,""longitude"":2.4849999999999897}]",9.458184485000835e-13
VIN001_20260213T100000Z_0002@0.500,VIN001,vehicle-5dec1da84d,VIN001_20260213T100000Z_0002,train,0.5,48.833,2.224,48.847,2.235,g13884:18223,48.846999999999994,2.235000000000007,g13884:18223,0.9166666666666666,1.0,"[{""rank"":1,""cell"":""g13884:18223"",""probability"":0.9166666666666666,""latitude"":48.845000000000006,""longitude"":2.2349999999999897},{""rank"":2,""cell"":""g13885:18224"",""probability"":0.03333333333333333,""latitude"":48.855,""longitude"":2.245000000000009},{""rank"":3,""cell"":""g13887:18225"",""probability"":0.016666666666666666,""latitude"":48.87500000000001,""longitude"":2.255},{""rank"":4,""cell"":""g13896:18231"",""probability"":0.008333333333333333,""latitude"":48.96500000000001,""longitude"":2.315000000000002},{""rank"":5,""cell"":""g13882:18222"",""probability"":0.008333333333333333,""latitude"":48.824999999999996,""longitude"":2.2249999999999988}]",9.458184485000835e-13
VIN001_20260213T130000Z_0003@0.000,VIN001,vehicle-5dec1da84d,VIN001_20260213T130000Z_0003,train,0.0,48.836,2.228,48.854,2.242,g13885:18224,48.85400000000003,2.241999999999997,g13885:18224,0.8,1.0,"[{""rank"":1,""cell"":""g13885:18224"",""probability"":0.8,""latitude"":48.855,""longitude"":2.245000000000009},{""rank"":2,""cell"":""g13884:18224"",""probability"":0.11666666666666667,""latitude"":48.845000000000006,""longitude"":2.245000000000009},{""rank"":3,""cell"":""g13884:18223"",""probability"":0.05,""latitude"":48.845000000000006,""longitude"":2.2349999999999897},{""rank"":4,""cell"":""g13888:18226"",""probability"":0.016666666666666666,""latitude"":48.885,""longitude"":2.264999999999991},{""rank"":5,""cell"":""g13881:18222"",""probability"":0.008333333333333333,""latitude"":48.815000000000005,""longitude"":2.2249999999999988}]",3.168527723469041e-12
VIN001_20260213T130000Z_0003@0.250,VIN001,vehicle-5dec1da84d,VIN001_20260213T130000Z_0003,train,0.25,48.836,2.228,48.854,2.242,g13885:18224,48.85400000000003,2.241999999999997,g13885:18224,0.8833333333333333,1.0,"[{""rank"":1,""cell"":""g13885:18224"",""probability"":0.8833333333333333,""latitude"":48.855,""longitude"":2.245000000000009},{""rank"":2,""cell"":""g13884:18224"",""probability"":0.06666666666666667,""latitude"":48.845000000000006,""longitude"":2.245000000000009},{""rank"":3,""cell"":""g13884:18223"",""probability"":0.025,""latitude"":48.845000000000006,""longitude"":2.2349999999999897},{""rank"":4,""cell"":""g13888:18226"",""probability"":0.008333333333333333,""latitude"":48.885,""longitude"":2.264999999999991},{""rank"":5,""cell"":""g13882:18222"",""probability"":0.008333333333333333,""latitude"":48.824999999999996,""longitude"":2.2249999999999988}]",3.168527723469041e-12
VIN001_20260213T130000Z_0003@0.500,VIN001,vehicle-5dec1da84d,VIN001_20260213T130000Z_0003,train,0.5,48.836,2.228,48.854,2.242,g13885:18224,48.85400000000003,2.241999999999997,g13885:18224,0.8916666666666667,1.0,"[{""rank"":1,""cell"":""g13885:18224"",""probability"":0.8916666666666667,""latitude"":48.855,""longitude"":2.245000000000009},{""rank"":2,""cell"":""g13884:18224"",""probability"":0.03333333333333333,""latitude"":48.845000000000006,""longitude"":2.245000000000009},{""rank"":3,""cell"":""g13882:18222"",""probability"":0.025,""latitude"":48.824999999999996,""longitude"":2.2249999999999988},{""rank"":4,""cell"":""g13884:18223"",""probability"":0.025,""latitude"":48.845000000000006,""longitude"":2.2349999999999897},{""rank"":5,""cell"":""g13888:18226"",""probability"":0.016666666666666666,""latitude"":48.885,""longitude"":2.264999999999991}]",3.168527723469041e-12
VIN001_20260213T160000Z_0004@0.000,VIN001,vehicle-5dec1da84d,VIN001_20260213T160000Z_0004,train,0.0,48.839,2.232,48.849,2.249,g13884:18224,48.84900000000009,2.248999999999998,g13884:18224,0.9083333333333333,1.0,"[{""rank"":1,""cell"":""g13884:18224"",""probability"":0.9083333333333333,""latitude"":48.845000000000006,""longitude"":2.245000000000009},{""rank"":2,""cell"":""g13885:18224"",""probability"":0.06666666666666667,""latitude"":48.855,""longitude"":2.245000000000009},{""rank"":3,""cell"":""g13887:18226"",""probability"":0.016666666666666666,""latitude"":48.87500000000001,""longitude"":2.264999999999991},{""rank"":4,""cell"":""g13887:18224"",""probability"":0.008333333333333333,""latitude"":48.87500000000001,""longitude"":2.245000000000009},{""rank"":5,""cell"":""g13921:18248"",""probability"":0.0,""latitude"":49.21500000000001,""longitude"":2.4849999999999897}]",1.0272436300282188e-11
VIN001_20260213T160000Z_0004@0.250,VIN001,vehicle-5dec1da84d,VIN001_20260213T160000Z_0004,train,0.25,48.839,2.232,48.849,2.249,g13884:18224,48.84900000000009,2.248999999999998,g13884:18224,0.9166666666666666,1.0,"[{""rank"":1,""cell"":""g13884:18224"",""probability"":0.9166666666666666,""latitude"":48.845000000000006,""longitude"":2.245000000000009},{""rank"":2,""cell"":""g13885:18224"",""probability"":0.058333333333333334,""latitude"":48.855,""longitude"":2.245000000000009},{""rank"":3,""cell"":""g13887:18226"",""probability"":0.016666666666666666,""latitude"":48.87500000000001,""longitude"":2.264999999999991},{""rank"":4,""cell"":""g13887:18224"",""probability"":0.008333333333333333,""latitude"":48.87500000000001,""longitude"":2.245000000000009},{""rank"":5,""cell"":""g13921:18248"",""probability"":0.0,""latitude"":49.21500000000001,""longitude"":2.4849999999999897}]",1.0272436300282188e-11
VIN001_20260213T160000Z_0004@0.500,VIN001,vehicle-5dec1da84d,VIN001_20260213T160000Z_0004,train,0.5,48.839,2.232,48.849,2.249,g13884:18224,48.84900000000009,2.248999999999998,g13884:18224,0.8083333333333333,1.0,"[{""rank"":1,""cell"":""g13884:18224"",""probability"":0.8083333333333333,""latitude"":48.845000000000006,""longitude"":2.245000000000009},{""rank"":2,""cell"":""g13885:18224"",""probability"":0.11666666666666667,""latitude"":48.855,""longitude"":2.245000000000009},{""rank"":3,""cell"":""g13881:18222"",""probability"":0.025,""latitude"":48.815000000000005,""longitude"":2.2249999999999988},{""rank"":4,""cell"":""g13887:18226"",""probability"":0.016666666666666666,""latitude"":48.87500000000001,""longitude"":2.264999999999991},{""rank"":5,""cell"":""g13884:18223"",""probability"":0.008333333333333333,""latitude"":48.845000000000006,""longitude"":2.2349999999999897}]",1.0272436300282188e-11
VIN001_20260213T190000Z_0005@0.000,VIN001,vehicle-5dec1da84d,VIN001_20260213T190000Z_0005,train,0.0,48.842,2.236,48.856,2.244,g13885:18224,48.85600000000001,2.244000000000001,g13885:18224,0.8416666666666667,1.0,"[{""rank"":1,""cell"":""g13885:18224"",""probability"":0.8416666666666667,""latitude"":48.855,""longitude"":2.245000000000009},{""rank"":2,""cell"":""g13884:18224"",""probability"":0.14166666666666666,""latitude"":48.845000000000006,""longitude"":2.245000000000009},{""rank"":3,""cell"":""g13893:18228"",""probability"":0.008333333333333333,""latitude"":48.93500000000001,""longitude"":2.285000000000001},{""rank"":4,""cell"":""g13888:18226"",""probability"":0.008333333333333333,""latitude"":48.885,""longitude"":2.264999999999991},{""rank"":5,""cell"":""g13921:18248"",""probability"":0.0,""latitude"":49.21500000000001,""longitude"":2.4849999999999897}]",7.927561852622264e-13
VIN001_20260213T190000Z_0005@0.250,VIN001,vehicle-5dec1da84d,VIN001_20260213T190000Z_0005,train,0.25,48.842,2.236,48.856,2.244,g13885:18224,48.85600000000001,2.244000000000001,g13885:18224,0.9333333333333333,1.0,"[{""rank"":1,""cell"":""g13885:18224"",""probability"":0.9333333333333333,""latitude"":48.855,""longitude"":2.245000000000009},{""rank"":2,""cell"":""g13884:18224"",""probability"":0.058333333333333334,""latitude"":48.845000000000006,""longitude"":2.245000000000009},{""rank"":3,""cell"":""g13882:18222"",""probability"":0.008333333333333333,""latitude"":48.824999999999996,""longitude"":2.2249999999999988},{""rank"":4,""cell"":""g13921:18248"",""probability"":0.0,""latitude"":49.21500000000001,""longitude"":2.4849999999999897},{""rank"":5,""cell"":""g13918:18246"",""probability"":0.0,""latitude"":49.18500000000001,""longitude"":2.465000000000008}]",7.927561852622264e-13
VIN001_20260213T190000Z_0005@0.500,VIN001,vehicle-5dec1da84d,VIN001_20260213T190000Z_0005,train,0.5,48.842,2.236,48.856,2.244,g13885:18224,48.85600000000001,2.244000000000001,g13885:18224,0.9333333333333333,1.0,"[{""rank"":1,""cell"":""g13885:18224"",""probability"":0.9333333333333333,""latitude"":48.855,""longitude"":2.245000000000009},{""rank"":2,""cell"":""g13884:18224"",""probability"":0.03333333333333333,""latitude"":48.845000000000006,""longitude"":2.245000000000009},{""rank"":3,""cell"":""g13887:18225"",""probability"":0.016666666666666666,""latitude"":48.87500000000001,""longitude"":2.255},{""rank"":4,""cell"":""g13887:18224"",""probability"":0.008333333333333333,""latitude"":48.87500000000001,""longitude"":2.245000000000009},{""rank"":5,""cell"":""g13882:18222"",""probability"":0.008333333333333333,""latitude"":48.824999999999996,""longitude"":2.2249999999999988}]",7.927561852622264e-13
VIN002_20260213T070000Z_0001@0.000,VIN002,vehicle-fffcbb6f5c,VIN002_20260213T070000Z_0001,train,0.0,48.86,2.24,48.87,2.248,g13887:18224,48.86999999999991,2.2479999999999962,g13887:18224,0.9166666666666666,1.0,"[{""rank"":1,""cell"":""g13887:18224"",""probability"":0.9166666666666666,""latitude"":48.87500000000001,""longitude"":2.245000000000009},{""rank"":2,""cell"":""g13893:18228"",""probability"":0.03333333333333333,""latitude"":48.93500000000001,""longitude"":2.285000000000001},{""rank"":3,""cell"":""g13887:18225"",""probability"":0.016666666666666666,""latitude"":48.87500000000001,""longitude"":2.255},{""rank"":4,""cell"":""g13888:18226"",""probability"":0.008333333333333333,""latitude"":48.885,""longitude"":2.264999999999991},{""rank"":5,""cell"":""g13885:18224"",""probability"":0.008333333333333333,""latitude"":48.855,""longitude"":2.245000000000009}]",9.485568397326777e-12
VIN002_20260213T070000Z_0001@0.250,VIN002,vehicle-fffcbb6f5c,VIN002_20260213T070000Z_0001,train,0.25,48.86,2.24,48.87,2.248,g13887:18224,48.86999999999991,2.2479999999999962,g13887:18224,0.9166666666666666,1.0,"[{""rank"":1,""cell"":""g13887:18224"",""probability"":0.9166666666666666,""latitude"":48.87500000000001,""longitude"":2.245000000000009},{""rank"":2,""cell"":""g13893:18228"",""probability"":0.03333333333333333,""latitude"":48.93500000000001,""longitude"":2.285000000000001},{""rank"":3,""cell"":""g13887:18225"",""probability"":0.016666666666666666,""latitude"":48.87500000000001,""longitude"":2.255},{""rank"":4,""cell"":""g13888:18226"",""probability"":0.008333333333333333,""latitude"":48.885,""longitude"":2.264999999999991},{""rank"":5,""cell"":""g13885:18224"",""probability"":0.008333333333333333,""latitude"":48.855,""longitude"":2.245000000000009}]",9.485568397326777e-12
VIN002_20260213T070000Z_0001@0.500,VIN002,vehicle-fffcbb6f5c,VIN002_20260213T070000Z_0001,train,0.5,48.86,2.24,48.87,2.248,g13887:18224,48.86999999999991,2.2479999999999962,g13887:18224,0.8583333333333333,1.0,"[{""rank"":1,""cell"":""g13887:18224"",""probability"":0.8583333333333333,""latitude"":48.87500000000001,""longitude"":2.245000000000009},{""rank"":2,""cell"":""g13887:18225"",""probability"":0.058333333333333334,""latitude"":48.87500000000001,""longitude"":2.255},{""rank"":3,""cell"":""g13884:18222"",""probability"":0.025,""latitude"":48.845000000000006,""longitude"":2.2249999999999988},{""rank"":4,""cell"":""g13896:18230"",""probability"":0.016666666666666666,""latitude"":48.96500000000001,""longitude"":2.3050000000000113},{""rank"":5,""cell"":""g13893:18228"",""probability"":0.016666666666666666,""latitude"":48.93500000000001,""longitude"":2.285000000000001}]",9.485568397326777e-12
VIN002_20260213T100000Z_0002@0.000,VIN002,vehicle-fffcbb6f5c,VIN002_20260213T100000Z_0002,train,0.0,48.863,2.244,48.877,2.255,g13887:18225,48.877000000000095,2.254999999999997,g13887:18225,0.825,1.0,"[{""rank"":1,""cell"":""g13887:18225"",""probability"":0.825,""latitude"":48.87500000000001,""longitude"":2.255},{""rank"":2,""cell"":""g13887:18224"",""probability"":0.075,""latitude"":48.87500000000001,""longitude"":2.245000000000009},{""rank"":3,""cell"":""g13893:18229"",""probability"":0.041666666666666664,""latitude"":48.93500000000001,""longitude"":2.294999999999992},{""rank"":4,""cell"":""g13888:18226"",""probability"":0.041666666666666664,""latitude"":48.885,""longitude"":2.264999999999991},{""rank"":5,""cell"":""g13884:18224"",""probability"":0.008333333333333333,""latitude"":48.845000000000006,""longitude"":2.245000000000009}]",1.0273666888668418e-11
VIN002_20260213T100000Z_0002@0.250,VIN002,vehicle-fffcbb6f5c,VIN002_20260213T100000Z_0002,train,0.25,48.863,2.244,48.877,2.255,g13887:18225,48.877000000000095,2.254999999999997,g13887:18225,0.9,1.0,"[{""rank"":1,""cell"":""g13887:18225"",""probability"":0.9,""latitude"":48.87500000000001,""longitude"":2.255},{""rank"":2,""cell"":""g13888:18226"",""probability"":0.041666666666666664,""latitude"":48.885,""longitude"":2.264999999999991},{""rank"":3,""cell"":""g13887:18224"",""probability"":0.025,""latitude"":48.87500000000001,""longitude"":2.245000000000009},{""rank"":4,""cell"":""g13893:18229"",""probability"":0.016666666666666666,""latitude"":48.93500000000001,""longitude"":2.294999999999992},{""rank"":5,""cell"":""g13884:18223"",""probability"":0.016666666666666666,""latitude"":48.845000000000006,""longitude"":2.2349999999999897}]",1.0273666888668418e-11
VIN002_20260213T100000Z_0002@0.500,VIN002,vehicle-fffcbb6f5c,VIN002_20260213T100000Z_0002,train,0.5,48.863,2.244,48.877,2.255,g13887:18225,48.877000000000095,2.254999999999997,g13887:18225,0.8666666666666667,1.0,"[{""rank"":1,""cell"":""g13887:18225"",""probability"":0.8666666666666667,""latitude"":48.87500000000001,""longitude"":2.255},{""rank"":2,""cell"":""g13888:18226"",""probability"":0.05,""latitude"":48.885,""longitude"":2.264999999999991},{""rank"":3,""cell"":""g13887:18224"",""probability"":0.025,""latitude"":48.87500000000001,""longitude"":2.245000000000009},{""rank"":4,""cell"":""g13896:18231"",""probability"":0.016666666666666666,""latitude"":48.96500000000001,""longitude"":2.315000000000002},{""rank"":5,""cell"":""g13884:18223"",""probability"":0.016666666666666666,""latitude"":48.845000000000006,""longitude"":2.2349999999999897}]",1.0273666888668418e-11
VIN002_20260213T130000Z_0003@0.000,VIN002,vehicle-fffcbb6f5c,VIN002_20260213T130000Z_0003,train,0.0,48.866,2.248,48.884,2.262,g13888:18226,48.88400000000001,2.262,g13888:18226,0.825,1.0,"[{""rank"":1,""cell"":""g13888:18226"",""probability"":0.825,""latitude"":48.885,""longitude"":2.264999999999991},{""rank"":2,""cell"":""g13887:18226"",""probability"":0.1,""latitude"":48.87500000000001,""longitude"":2.264999999999991},{""rank"":3,""cell"":""g13887:18225"",""probability"":0.041666666666666664,""latitude"":48.87500000000001,""longitude"":2.255},{""rank"":4,""cell"":""g13894:18230"",""probability"":0.016666666666666666,""latitude"":48.945,""longitude"":2.3050000000000113},{""rank"":5,""cell"":""g13887:18224"",""probability"":0.008333333333333333,""latitude"":48.87500000000001,""longitude"":2.245000000000009}]",7.900885651219831e-13
VIN002_20260213T130000Z_0003@0.250,VIN002,vehicle-fffcbb6f5c,VIN002_20260213T130000Z_0003,train,0.25,48.866,2.248,48.884,2.262,g13888:18226,48.88400000000001,2.262,g13888:18226,0.8583333333333333,1.0,"[{""rank"":1,""cell"":""g13888:18226"",""probability"":0.8583333333333333,""latitude"":48.885,""longitude"":2.264999999999991},{""rank"":2,""cell"":""g13887:18226"",""probability"":0.13333333333333333,""latitude"":48.87500000000001,""longitude"":2.264999999999991},{""rank"":3,""cell"":""g13887:18225"",""probability"":0.008333333333333333,""latitude"":48.87500000000001,""longitude"":2.255},{""rank"":4,""cell"":""g13921:18248"",""probability"":0.0,""latitude"":49.21500000000001,""longitude"":2.4849999999999897},{""rank"":5,""cell"":""g13918:18246"",""probability"":0.0,""latitude"":49.18500000000001,""longitude"":2.465000000000008}]",7.900885651219831e-13
VIN002_20260213T130000Z_0003@0.500,VIN002,vehicle-fffcbb6f5c,VIN002_20260213T130000Z_0003,train,0.5,48.866,2.248,48.884,2.262,g13888:18226,48.88400000000001,2.262,g13888:18226,0.8833333333333333,1.0,"[{""rank"":1,""cell"":""g13888:18226"",""probability"":0.8833333333333333,""latitude"":48.885,""longitude"":2.264999999999991},{""rank"":2,""cell"":""g13887:18226"",""probability"":0.075,""latitude"":48.87500000000001,""longitude"":2.264999999999991},{""rank"":3,""cell"":""g13894:18230"",""probability"":0.016666666666666666,""latitude"":48.945,""longitude"":2.3050000000000113},{""rank"":4,""cell"":""g13887:18225"",""probability"":0.008333333333333333,""latitude"":48.87500000000001,""longitude"":2.255},{""rank"":5,""cell"":""g13882:18222"",""probability"":0.008333333333333333,""latitude"":48.824999999999996,""longitude"":2.2249999999999988}]",7.900885651219831e-13
VIN002_20260213T160000Z_0004@0.000,VIN002,vehicle-fffcbb6f5c,VIN002_20260213T160000Z_0004,train,0.0,48.869,2.252,48.879,2.269,g13887:18226,48.87899999999993,2.2690000000000037,g13887:18226,0.9166666666666666,1.0,"[{""rank"":1,""cell"":""g13887:18226"",""probability"":0.9166666666666666,""latitude"":48.87500000000001,""longitude"":2.264999999999991},{""rank"":2,""cell"":""g13888:18226"",""probability"":0.058333333333333334,""latitude"":48.885,""longitude"":2.264999999999991},{""rank"":3,""cell"":""g13893:18229"",""probability"":0.008333333333333333,""latitude"":48.93500000000001,""longitude"":2.294999999999992},{""rank"":4,""cell"":""g13885:18224"",""probability"":0.008333333333333333,""latitude"":48.855,""longitude"":2.245000000000009},{""rank"":5,""cell"":""g13884:18224"",""probability"":0.008333333333333333,""latitude"":48.845000000000006,""longitude"":2.245000000000009}]",7.90515596643924e-12
VIN002_20260213T160000Z_0004@0.250,VIN002,vehicle-fffcbb6f5c,VIN002_20260213T160000Z_0004,train,0.25,48.869,2.252,48.879,2.269,g13887:18226,48.87899999999993,2.2690000000000037,g13887:18226,0.9083333333333333,1.0,"[{""rank"":1,""cell"":""g13887:18226"",""probability"":0.9083333333333333,""latitude"":48.87500000000001,""longitude"":2.264999999999991},{""rank"":2,""cell"":""g13888:18226"",""probability"":0.06666666666666667,""latitude"":48.885,""longitude"":2.264999999999991},{""rank"":3,""cell"":""g13893:18229"",""probability"":0.008333333333333333,""latitude"":48.93500000000001,""longitude"":2.294999999999992},{""rank"":4,""cell"":""g13885:18224"",""probability"":0.008333333333333333,""latitude"":48.855,""longitude"":2.245000000000009},{""rank"":5,""cell"":""g13884:18224"",""probability"":0.008333333333333333,""latitude"":48.845000000000006,""longitude"":2.245000000000009}]",7.90515596643924e-12
VIN002_20260213T160000Z_0004@0.500,VIN002,vehicle-fffcbb6f5c,VIN002_20260213T160000Z_0004,train,0.5,48.869,2.252,48.879,2.269,g13887:18226,48.87899999999993,2.2690000000000037,g13887:18226,0.825,1.0,"[{""rank"":1,""cell"":""g13887:18226"",""probability"":0.825,""latitude"":48.87500000000001,""longitude"":2.264999999999991},{""rank"":2,""cell"":""g13888:18226"",""probability"":0.10833333333333334,""latitude"":48.885,""longitude"":2.264999999999991},{""rank"":3,""cell"":""g13893:18230"",""probability"":0.016666666666666666,""latitude"":48.93500000000001,""longitude"":2.3050000000000113},{""rank"":4,""cell"":""g13887:18225"",""probability"":0.016666666666666666,""latitude"":48.87500000000001,""longitude"":2.255},{""rank"":5,""cell"":""g13884:18224"",""probability"":0.016666666666666666,""latitude"":48.845000000000006,""longitude"":2.245000000000009}]",7.90515596643924e-12
VIN002_20260213T190000Z_0005@0.000,VIN002,vehicle-fffcbb6f5c,VIN002_20260213T190000Z_0005,train,0.0,48.872,2.256,48.886,2.264,g13888:18226,48.88600000000011,2.2640000000000042,g13888:18226,0.8583333333333333,1.0,"[{""rank"":1,""cell"":""g13888:18226"",""probability"":0.8583333333333333,""latitude"":48.885,""longitude"":2.264999999999991},{""rank"":2,""cell"":""g13887:18226"",""probability"":0.09166666666666666,""latitude"":48.87500000000001,""longitude"":2.264999999999991},{""rank"":3,""cell"":""g13894:18230"",""probability"":0.016666666666666666,""latitude"":48.945,""longitude"":2.3050000000000113},{""rank"":4,""cell"":""g13885:18224"",""probability"":0.016666666666666666,""latitude"":48.855,""longitude"":2.245000000000009},{""rank"":5,""cell"":""g13893:18228"",""probability"":0.008333333333333333,""latitude"":48.93500000000001,""longitude"":2.285000000000001}]",1.1855775844145551e-11
VIN002_20260213T190000Z_0005@0.250,VIN002,vehicle-fffcbb6f5c,VIN002_20260213T190000Z_0005,train,0.25,48.872,2.256,48.886,2.264,g13888:18226,48.88600000000011,2.2640000000000042,g13888:18226,0.9166666666666666,1.0,"[{""rank"":1,""cell"":""g13888:18226"",""probability"":0.9166666666666666,""latitude"":48.885,""longitude"":2.264999999999991},{""rank"":2,""cell"":""g13887:18226"",""probability"":0.05,""latitude"":48.87500000000001,""longitude"":2.264999999999991},{""rank"":3,""cell"":""g13894:18230"",""probability"":0.016666666666666666,""latitude"":48.945,""longitude"":2.3050000000000113},{""rank"":4,""cell"":""g13893:18229"",""probability"":0.008333333333333333,""latitude"":48.93500000000001,""longitude"":2.294999999999992},{""rank"":5,""cell"":""g13885:18224"",""probability"":0.008333333333333333,""latitude"":48.855,""longitude"":2.245000000000009}]",1.1855775844145551e-11
VIN002_20260213T190000Z_0005@0.500,VIN002,vehicle-fffcbb6f5c,VIN002_20260213T190000Z_0005,train,0.5,48.872,2.256,48.886,2.264,g13888:18226,48.88600000000011,2.2640000000000042,g13888:18226,0.9333333333333333,1.0,"[{""rank"":1,""cell"":""g13888:18226"",""probability"":0.9333333333333333,""latitude"":48.885,""longitude"":2.264999999999991},{""rank"":2,""cell"":""g13887:18226"",""probability"":0.03333333333333333,""latitude"":48.87500000000001,""longitude"":2.264999999999991},{""rank"":3,""cell"":""g13894:18230"",""probability"":0.016666666666666666,""latitude"":48.945,""longitude"":2.3050000000000113},{""rank"":4,""cell"":""g13893:18229"",""probability"":0.008333333333333333,""latitude"":48.93500000000001,""longitude"":2.294999999999992},{""rank"":5,""cell"":""g13885:18224"",""probability"":0.008333333333333333,""latitude"":48.855,""longitude"":2.245000000000009}]",1.1855775844145551e-11
VIN003_20260213T070000Z_0001@0.000,VIN003,vehicle-ab4603f3d7,VIN003_20260213T070000Z_0001,validation,0.0,48.89,2.26,48.9,2.268,g13890:18226,48.88776666666666,2.2681333333333353,g13887:18224,0.3416666666666667,,"[{""rank"":1,""cell"":""g13887:18224"",""probability"":0.3416666666666667,""latitude"":48.87500000000001,""longitude"":2.245000000000009},{""rank"":2,""cell"":""g13893:18228"",""probability"":0.19166666666666668,""latitude"":48.93500000000001,""longitude"":2.285000000000001},{""rank"":3,""cell"":""g13887:18226"",""probability"":0.175,""latitude"":48.87500000000001,""longitude"":2.264999999999991},{""rank"":4,""cell"":""g13888:18226"",""probability"":0.15833333333333333,""latitude"":48.885,""longitude"":2.264999999999991},{""rank"":5,""cell"":""g13887:18225"",""probability"":0.11666666666666667,""latitude"":48.87500000000001,""longitude"":2.255}]",1.3603214048533208
VIN003_20260213T070000Z_0001@0.250,VIN003,vehicle-ab4603f3d7,VIN003_20260213T070000Z_0001,validation,0.25,48.89,2.26,48.9,2.268,g13890:18226,48.88776666666666,2.2681333333333353,g13887:18224,0.3416666666666667,,"[{""rank"":1,""cell"":""g13887:18224"",""probability"":0.3416666666666667,""latitude"":48.87500000000001,""longitude"":2.245000000000009},{""rank"":2,""cell"":""g13893:18228"",""probability"":0.19166666666666668,""latitude"":48.93500000000001,""longitude"":2.285000000000001},{""rank"":3,""cell"":""g13888:18226"",""probability"":0.175,""latitude"":48.885,""longitude"":2.264999999999991},{""rank"":4,""cell"":""g13887:18226"",""probability"":0.15833333333333333,""latitude"":48.87500000000001,""longitude"":2.264999999999991},{""rank"":5,""cell"":""g13887:18225"",""probability"":0.11666666666666667,""latitude"":48.87500000000001,""longitude"":2.255}]",1.3603214048533208
VIN003_20260213T070000Z_0001@0.500,VIN003,vehicle-ab4603f3d7,VIN003_20260213T070000Z_0001,validation,0.5,48.89,2.26,48.9,2.268,g13890:18226,48.888191666666664,2.2682916666666686,g13887:18224,0.275,,"[{""rank"":1,""cell"":""g13887:18224"",""probability"":0.275,""latitude"":48.87500000000001,""longitude"":2.245000000000009},{""rank"":2,""cell"":""g13893:18228"",""probability"":0.23333333333333334,""latitude"":48.93500000000001,""longitude"":2.285000000000001},{""rank"":3,""cell"":""g13888:18226"",""probability"":0.15,""latitude"":48.885,""longitude"":2.264999999999991},{""rank"":4,""cell"":""g13887:18226"",""probability"":0.14166666666666666,""latitude"":48.87500000000001,""longitude"":2.264999999999991},{""rank"":5,""cell"":""g13887:18225"",""probability"":0.14166666666666666,""latitude"":48.87500000000001,""longitude"":2.255}]",1.3132016900220138
VIN003_20260213T100000Z_0002@0.000,VIN003,vehicle-ab4603f3d7,VIN003_20260213T100000Z_0002,validation,0.0,48.893,2.264,48.907,2.275,g13890:18227,48.90004999999997,2.27505,g13893:18229,0.23333333333333334,,"[{""rank"":1,""cell"":""g13893:18229"",""probability"":0.23333333333333334,""latitude"":48.93500000000001,""longitude"":2.294999999999992},{""rank"":2,""cell"":""g13887:18225"",""probability"":0.23333333333333334,""latitude"":48.87500000000001,""longitude"":2.255},{""rank"":3,""cell"":""g13888:18226"",""probability"":0.2,""latitude"":48.885,""longitude"":2.264999999999991},{""rank"":4,""cell"":""g13887:18226"",""probability"":0.175,""latitude"":48.87500000000001,""longitude"":2.264999999999991},{""rank"":5,""cell"":""g13893:18228"",""probability"":0.14166666666666666,""latitude"":48.93500000000001,""longitude"":2.285000000000001}]",0.772814448820318
VIN003_20260213T100000Z_0002@0.250,VIN003,vehicle-ab4603f3d7,VIN003_20260213T100000Z_0002,validation,0.25,48.893,2.264,48.907,2.275,g13890:18227,48.90267499999997,2.2762749999999996,g13887:18225,0.25833333333333336,,"[{""rank"":1,""cell"":""g13887:18225"",""probability"":0.25833333333333336,""latitude"":48.87500000000001,""longitude"":2.255},{""rank"":2,""cell"":""g13893:18229"",""probability"":0.21666666666666667,""latitude"":48.93500000000001,""longitude"":2.294999999999992},{""rank"":3,""cell"":""g13888:18226"",""probability"":0.20833333333333334,""latitude"":48.885,""longitude"":2.264999999999991},{""rank"":4,""cell"":""g13893:18228"",""probability"":0.15833333333333333,""latitude"":48.93500000000001,""longitude"":2.285000000000001},{""rank"":5,""cell"":""g13887:18226"",""probability"":0.14166666666666666,""latitude"":48.87500000000001,""longitude"":2.264999999999991}]",0.489864372547797
VIN003_20260213T100000Z_0002@0.500,VIN003,vehicle-ab4603f3d7,VIN003_20260213T100000Z_0002,validation,0.5,48.893,2.264,48.907,2.275,g13890:18227,48.90317499999997,2.2766083333333333,g13893:18229,0.2916666666666667,,"[{""rank"":1,""cell"":""g13893:18229"",""probability"":0.2916666666666667,""latitude"":48.93500000000001,""longitude"":2.294999999999992},{""rank"":2,""cell"":""g13888:18226"",""probability"":0.2,""latitude"":48.885,""longitude"":2.264999999999991},{""rank"":3,""cell"":""g13893:18228"",""probability"":0.18333333333333332,""latitude"":48.93500000000001,""longitude"":2.285000000000001},{""rank"":4,""cell"":""g13887:18225"",""probability"":0.175,""latitude"":48.87500000000001,""longitude"":2.255},{""rank"":5,""cell"":""g13887:18226"",""probability"":0.11666666666666667,""latitude"":48.87500000000001,""longitude"":2.264999999999991}]",0.4412670712658585
VIN003_20260213T130000Z_0003@0.000,VIN003,vehicle-ab4603f3d7,VIN003_20260213T130000Z_0003,validation,0.0,48.896,2.268,48.914,2.282,g13891:18228,48.9078833333333,2.2809500000000003,g13888:18226,0.375,,"[{""rank"":1,""cell"":""g13888:18226"",""probability"":0.375,""latitude"":48.885,""longitude"":2.264999999999991},{""rank"":2,""cell"":""g13887:18226"",""probability"":0.3,""latitude"":48.87500000000001,""longitude"":2.264999999999991},{""rank"":3,""cell"":""g13893:18228"",""probability"":0.16666666666666666,""latitude"":48.93500000000001,""longitude"":2.285000000000001},{""rank"":4,""cell"":""g13893:18229"",""probability"":0.08333333333333333,""latitude"":48.93500000000001,""longitude"":2.294999999999992},{""rank"":5,""cell"":""g13894:18230"",""probability"":0.06666666666666667,""latitude"":48.945,""longitude"":2.3050000000000113}]",0.6844582369510767
VIN003_20260213T130000Z_0003@0.250,VIN003,vehicle-ab4603f3d7,VIN003_20260213T130000Z_0003,validation,0.25,48.896,2.268,48.914,2.282,g13891:18228,48.90836666666664,2.281166666666667,g13888:18226,0.38333333333333336,,"[{""rank"":1,""cell"":""g13888:18226"",""probability"":0.38333333333333336,""latitude"":48.885,""longitude"":2.264999999999991},{""rank"":2,""cell"":""g13887:18226"",""probability"":0.23333333333333334,""latitude"":48.87500000000001,""longitude"":2.264999999999991},{""rank"":3,""cell"":""g13893:18228"",""probability"":0.2,""latitude"":48.93500000000001,""longitude"":2.285000000000001},{""rank"":4,""cell"":""g13893:18229"",""probability"":0.1,""latitude"":48.93500000000001,""longitude"":2.294999999999992},{""rank"":5,""cell"":""g13894:18230"",""probability"":0.08333333333333333,""latitude"":48.945,""longitude"":2.3050000000000113}]",0.6293524541199804
VIN003_20260213T130000Z_0003@0.500,VIN003,vehicle-ab4603f3d7,VIN003_20260213T130000Z_0003,validation,0.5,48.896,2.268,48.914,2.282,g13891:18228,48.90834999999996,2.2811500000000007,g13888:18226,0.2916666666666667,,"[{""rank"":1,""cell"":""g13888:18226"",""probability"":0.2916666666666667,""latitude"":48.885,""longitude"":2.264999999999991},{""rank"":2,""cell"":""g13893:18228"",""probability"":0.2,""latitude"":48.93500000000001,""longitude"":2.285000000000001},{""rank"":3,""cell"":""g13894:18230"",""probability"":0.19166666666666668,""latitude"":48.945,""longitude"":2.3050000000000113},{""rank"":4,""cell"":""g13887:18226"",""probability"":0.18333333333333332,""latitude"":48.87500000000001,""longitude"":2.264999999999991},{""rank"":5,""cell"":""g13893:18229"",""probability"":0.125,""latitude"":48.93500000000001,""longitude"":2.294999999999992}]",0.631315717252825
VIN003_20260213T160000Z_0004@0.000,VIN003,vehicle-ab4603f3d7,VIN003_20260213T160000Z_0004,validation,0.0,48.899,2.272,48.909,2.289,g13890:18228,48.91527499999997,2.2843750000000016,g13893:18228,0.2916666666666667,,"[{""rank"":1,""cell"":""g13893:18228"",""probability"":0.2916666666666667,""latitude"":48.93500000000001,""longitude"":2.285000000000001},{""rank"":2,""cell"":""g13887:18226"",""probability"":0.18333333333333332,""latitude"":48.87500000000001,""longitude"":2.264999999999991},{""rank"":3,""cell"":""g13888:18226"",""probability"":0.16666666666666666,""latitude"":48.885,""longitude"":2.264999999999991},{""rank"":4,""cell"":""g13894:18230"",""probability"":0.14166666666666666,""latitude"":48.945,""longitude"":2.3050000000000113},{""rank"":5,""cell"":""g13893:18229"",""probability"":0.13333333333333333,""latitude"":48.93500000000001,""longitude"":2.294999999999992}]",0.7753010899622046
VIN003_20260213T160000Z_0004@0.250,VIN003,vehicle-ab4603f3d7,VIN003_20260213T160000Z_0004,validation,0.25,48.899,2.272,48.909,2.289,g13890:18228,48.91527499999997,2.2843750000000016,g13893:18228,0.2833333333333333,,"[{""rank"":1,""cell"":""g13893:18228"",""probability"":0.2833333333333333,""latitude"":48.93500000000001,""longitude"":2.285000000000001},{""rank"":2,""cell"":""g13887:18226"",""probability"":0.19166666666666668,""latitude"":48.87500000000001,""longitude"":2.264999999999991},{""rank"":3,""cell"":""g13888:18226"",""probability"":0.175,""latitude"":48.885,""longitude"":2.264999999999991},{""rank"":4,""cell"":""g13894:18230"",""probability"":0.15,""latitude"":48.945,""longitude"":2.3050000000000113},{""rank"":5,""cell"":""g13893:18229"",""probability"":0.125,""latitude"":48.93500000000001,""longitude"":2.294999999999992}]",0.7753010899622046
VIN003_20260213T160000Z_0004@0.500,VIN003,vehicle-ab4603f3d7,VIN003_20260213T160000Z_0004,validation,0.5,48.899,2.272,48.909,2.289,g13890:18228,48.91813333333331,2.2858333333333345,g13893:18228,0.21666666666666667,,"[{""rank"":1,""cell"":""g13893:18228"",""probability"":0.21666666666666667,""latitude"":48.93500000000001,""longitude"":2.285000000000001},{""rank"":2,""cell"":""g13894:18230"",""probability"":0.2,""latitude"":48.945,""longitude"":2.3050000000000113},{""rank"":3,""cell"":""g13887:18226"",""probability"":0.19166666666666668,""latitude"":48.87500000000001,""longitude"":2.264999999999991},{""rank"":4,""cell"":""g13893:18230"",""probability"":0.125,""latitude"":48.93500000000001,""longitude"":2.3050000000000113},{""rank"":5,""cell"":""g13893:18229"",""probability"":0.125,""latitude"":48.93500000000001,""longitude"":2.294999999999992}]",1.0416127634331789
VIN003_20260213T190000Z_0005@0.000,VIN003,vehicle-ab4603f3d7,VIN003_20260213T190000Z_0005,validation,0.0,48.902,2.276,48.916,2.284,g13891:18228,48.91967499999999,2.286175000000001,g13894:18230,0.3,,"[{""rank"":1,""cell"":""g13894:18230"",""probability"":0.3,""latitude"":48.945,""longitude"":2.3050000000000113},{""rank"":2,""cell"":""g13893:18228"",""probability"":0.3,""latitude"":48.93500000000001,""longitude"":2.285000000000001},{""rank"":3,""cell"":""g13893:18229"",""probability"":0.15833333333333333,""latitude"":48.93500000000001,""longitude"":2.294999999999992},{""rank"":4,""cell"":""g13888:18226"",""probability"":0.13333333333333333,""latitude"":48.885,""longitude"":2.264999999999991},{""rank"":5,""cell"":""g13893:18230"",""probability"":0.06666666666666667,""latitude"":48.93500000000001,""longitude"":2.3050000000000113}]",0.43845939906477177
VIN003_20260213T190000Z_0005@0.250,VIN003,vehicle-ab4603f3d7,VIN003_20260213T190000Z_0005,validation,0.25,48.902,2.276,48.916,2.284,g13891:18228,48.920158333333326,2.2863916666666677,g13894:18230,0.35,,"[{""rank"":1,""cell"":""g13894:18230"",""probability"":0.35,""latitude"":48.945,""longitude"":2.3050000000000113},{""rank"":2,""cell"":""g13893:18228"",""probability"":0.25833333333333336,""latitude"":48.93500000000001,""longitude"":2.285000000000001},{""rank"":3,""cell"":""g13893:18229"",""probability"":0.16666666666666666,""latitude"":48.93500000000001,""longitude"":2.294999999999992},{""rank"":4,""cell"":""g13888:18226"",""probability"":0.15,""latitude"":48.885,""longitude"":2.264999999999991},{""rank"":5,""cell"":""g13893:18230"",""probability"":0.05,""latitude"":48.93500000000001,""longitude"":2.3050000000000113}]",0.49430973983487514
VIN003_20260213T190000Z_0005@0.500,VIN003,vehicle-ab4603f3d7,VIN003_20260213T190000Z_0005,validation,0.5,48.902,2.276,48.916,2.284,g13891:18228,48.92094999999999,2.286750000000001,g13894:18230,0.36666666666666664,,"[{""rank"":1,""cell"":""g13894:18230"",""probability"":0.36666666666666664,""latitude"":48.945,""longitude"":2.3050000000000113},{""rank"":2,""cell"":""g13893:18228"",""probability"":0.25833333333333336,""latitude"":48.93500000000001,""longitude"":2.285000000000001},{""rank"":3,""cell"":""g13893:18229"",""probability"":0.16666666666666666,""latitude"":48.93500000000001,""longitude"":2.294999999999992},{""rank"":4,""cell"":""g13888:18226"",""probability"":0.13333333333333333,""latitude"":48.885,""longitude"":2.264999999999991},{""rank"":5,""cell"":""g13893:18230"",""probability"":0.05,""latitude"":48.93500000000001,""longitude"":2.3050000000000113}]",0.5859480606019136
VIN004_20260213T070000Z_0001@0.000,VIN004,vehicle-4e503312b3,VIN004_20260213T070000Z_0001,train,0.0,48.92,2.28,48.93,2.288,g13893:18228,48.93000000000004,2.2880000000000047,g13893:18228,0.9166666666666666,1.0,"[{""rank"":1,""cell"":""g13893:18228"",""probability"":0.9166666666666666,""latitude"":48.93500000000001,""longitude"":2.285000000000001},{""rank"":2,""cell"":""g13896:18230"",""probability"":0.041666666666666664,""latitude"":48.96500000000001,""longitude"":2.3050000000000113},{""rank"":3,""cell"":""g13893:18229"",""probability"":0.03333333333333333,""latitude"":48.93500000000001,""longitude"":2.294999999999992},{""rank"":4,""cell"":""g13887:18226"",""probability"":0.008333333333333333,""latitude"":48.87500000000001,""longitude"":2.264999999999991},{""rank"":5,""cell"":""g13921:18248"",""probability"":0.0,""latitude"":49.21500000000001,""longitude"":2.4849999999999897}]",4.75394454866493e-12
VIN004_20260213T070000Z_0001@0.250,VIN004,vehicle-4e503312b3,VIN004_20260213T070000Z_0001,train,0.25,48.92,2.28,48.93,2.288,g13893:18228,48.93000000000004,2.2880000000000047,g13893:18228,0.9083333333333333,1.0,"[{""rank"":1,""cell"":""g13893:18228"",""probability"":0.9083333333333333,""latitude"":48.93500000000001,""longitude"":2.285000000000001},{""rank"":2,""cell"":""g13896:18230"",""probability"":0.05,""latitude"":48.96500000000001,""longitude"":2.3050000000000113},{""rank"":3,""cell"":""g13893:18229"",""probability"":0.025,""latitude"":48.93500000000001,""longitude"":2.294999999999992},{""rank"":4,""cell"":""g13893:18230"",""probability"":0.008333333333333333,""latitude"":48.93500000000001,""longitude"":2.3050000000000113},{""rank"":5,""cell"":""g13887:18226"",""probability"":0.008333333333333333,""latitude"":48.87500000000001,""longitude"":2.264999999999991}]",4.75394454866493e-12
VIN004_20260213T070000Z_0001@0.500,VIN004,vehicle-4e503312b3,VIN004_20260213T070000Z_0001,train,0.5,48.92,2.28,48.93,2.288,g13893:18228,48.93000000000004,2.2880000000000047,g13893:18228,0.8416666666666667,1.0,"[{""rank"":1,""cell"":""g13893:18228"",""probability"":0.8416666666666667,""latitude"":48.93500000000001,""longitude"":2.285000000000001},{""rank"":2,""cell"":""g13896:18230"",""probability"":0.1,""latitude"":48.96500000000001,""longitude"":2.3050000000000113},{""rank"":3,""cell"":""g13893:18229"",""probability"":0.05,""latitude"":48.93500000000001,""longitude"":2.294999999999992},{""rank"":4,""cell"":""g13887:18226"",""probability"":0.008333333333333333,""latitude"":48.87500000000001,""longitude"":2.264999999999991},{""rank"":5,""cell"":""g13921:18248"",""probability"":0.0,""latitude"":49.21500000000001,""longitude"":2.4849999999999897}]",4.75394454866493e-12
VIN004_20260213T100000Z_0002@0.000,VIN004,vehicle-4e503312b3,VIN004_20260213T100000Z_0002,train,0.0,48.923,2.284,48.937,2.295,g13893:18229,48.93699999999992,2.294999999999996,g13893:18229,0.8416666666666667,1.0,"[{""rank"":1,""cell"":""g13893:18229"",""probability"":0.8416666666666667,""latitude"":48.93500000000001,""longitude"":2.294999999999992},{""rank"":2,""cell"":""g13893:18228"",""probability"":0.041666666666666664,""latitude"":48.93500000000001,""longitude"":2.285000000000001},{""rank"":3,""cell"":""g13896:18231"",""probability"":0.03333333333333333,""latitude"":48.96500000000001,""longitude"":2.315000000000002},{""rank"":4,""cell"":""g13894:18230"",""probability"":0.025,""latitude"":48.945,""longitude"":2.3050000000000113},{""rank"":5,""cell"":""g13887:18225"",""probability"":0.025,""latitude"":48.87500000000001,""longitude"":2.255}]",8.695876054651492e-12
VIN004_20260213T100000Z_0002@0.250,VIN004,vehicle-4e503312b3,VIN004_20260213T100000Z_0002,train,0.25,48.923,2.284,48.937,2.295,g13893:18229,48.93699999999992,2.294999999999996,g13893:18229,0.9,1.0,"[{""rank"":1,""cell"":""g13893:18229"",""probability"":0.9,""latitude"":48.93500000000001,""longitude"":2.294999999999992},{""rank"":2,""cell"":""g13896:18231"",""probability"":0.041666666666666664,""latitude"":48.96500000000001,""longitude"":2.315000000000002},{""rank"":3,""cell"":""g13894:18230"",""probability"":0.03333333333333333,""latitude"":48.945,""longitude"":2.3050000000000113},{""rank"":4,""cell"":""g13896:18230"",""probability"":0.008333333333333333,""latitude"":48.96500000000001,""longitude"":2.3050000000000113},{""rank"":5,""cell"":""g13893:18228"",""probability"":0.008333333333333333,""latitude"":48.93500000000001,""longitude"":2.285000000000001}]",8.695876054651492e-12
VIN004_20260213T100000Z_0002@0.500,VIN004,vehicle-4e503312b3,VIN004_20260213T100000Z_0002,train,0.5,48.923,2.284,48.937,2.295,g13893:18229,48.93699999999992,2.294999999999996,g13893:18229,0.85,1.0,"[{""rank"":1,""cell"":""g13893:18229"",""probability"":0.85,""latitude"":48.93500000000001,""longitude"":2.294999999999992},{""rank"":2,""cell"":""g13896:18231"",""probability"":0.06666666666666667,""latitude"":48.96500000000001,""longitude"":2.315000000000002},{""rank"":3,""cell"":""g13894:18230"",""probability"":0.05,""latitude"":48.945,""longitude"":2.3050000000000113},{""rank"":4,""cell"":""g13887:18225"",""probability"":0.025,""latitude"":48.87500000000001,""longitude"":2.255},{""rank"":5,""cell"":""g13893:18228"",""probability"":0.008333333333333333,""latitude"":48.93500000000001,""longitude"":2.285000000000001}]",8.695876054651492e-12
VIN004_20260213T130000Z_0003@0.000,VIN004,vehicle-4e503312b3,VIN004_20260213T130000Z_0003,train,0.0,48.926,2.288,48.944,2.302,g13894:18230,48.9440000000001,2.3019999999999996,g13894:18230,0.825,1.0,"[{""rank"":1,""cell"":""g13894:18230"",""probability"":0.825,""latitude"":48.945,""longitude"":2.3050000000000113},{""rank"":2,""cell"":""g13893:18230"",""probability"":0.075,""latitude"":48.93500000000001,""longitude"":2.3050000000000113},{""rank"":3,""cell"":""g13893:18229"",""probability"":0.06666666666666667,""latitude"":48.93500000000001,""longitude"":2.294999999999992},{""rank"":4,""cell"":""g13887:18226"",""probability"":0.016666666666666666,""latitude"":48.87500000000001,""longitude"":2.264999999999991},{""rank"":5,""cell"":""g13893:18228"",""probability"":0.008333333333333333,""latitude"":48.93500000000001,""longitude"":2.285000000000001}]",1.1061287460371515e-11
VIN004_20260213T130000Z_0003@0.250,VIN004,vehicle-4e503312b3,VIN004_20260213T130000Z_0003,train,0.25,48.926,2.288,48.944,2.302,g13894:18230,48.9440000000001,2.3019999999999996,g13894:18230,0.9,1.0,"[{""rank"":1,""cell"":""g13894:18230"",""probability"":0.9,""latitude"":48.945,""longitude"":2.3050000000000113},{""rank"":2,""cell"":""g13893:18230"",""probability"":0.075,""latitude"":48.93500000000001,""longitude"":2.3050000000000113},{""rank"":3,""cell"":""g13893:18229"",""probability"":0.025,""latitude"":48.93500000000001,""longitude"":2.294999999999992},{""rank"":4,""cell"":""g13921:18248"",""probability"":0.0,""latitude"":49.21500000000001,""longitude"":2.4849999999999897},{""rank"":5,""cell"":""g13918:18246"",""probability"":0.0,""latitude"":49.18500000000001,""longitude"":2.465000000000008}]",1.1061287460371515e-11
VIN004_20260213T130000Z_0003@0.500,VIN004,vehicle-4e503312b3,VIN004_20260213T130000Z_0003,train,0.5,48.926,2.288,48.944,2.302,g13894:18230,48.9440000000001,2.3019999999999996,g13894:18230,0.9,1.0,"[{""rank"":1,""cell"":""g13894:18230"",""probability"":0.9,""latitude"":48.945,""longitude"":2.3050000000000113},{""rank"":2,""cell"":""g13893:18230"",""probability"":0.058333333333333334,""latitude"":48.93500000000001,""longitude"":2.3050000000000113},{""rank"":3,""cell"":""g13893:18229"",""probability"":0.016666666666666666,""latitude"":48.93500000000001,""longitude"":2.294999999999992},{""rank"":4,""cell"":""g13897:18232"",""probability"":0.016666666666666666,""latitude"":48.975,""longitude"":2.324999999999993},{""rank"":5,""cell"":""g13882:18222"",""probability"":0.008333333333333333,""latitude"":48.824999999999996,""longitude"":2.2249999999999988}]",1.1061287460371515e-11
VIN004_20260213T160000Z_0004@0.000,VIN004,vehicle-4e503312b3,VIN004_20260213T160000Z_0004,train,0.0,48.929,2.292,48.939,2.309,g13893:18230,48.93900000000006,2.309,g13893:18230,0.875,1.0,"[{""rank"":1,""cell"":""g13893:18230"",""probability"":0.875,""latitude"":48.93500000000001,""longitude"":2.3050000000000113},{""rank"":2,""cell"":""g13894:18230"",""probability"":0.11666666666666667,""latitude"":48.945,""longitude"":2.3050000000000113},{""rank"":3,""cell"":""g13893:18229"",""probability"":0.008333333333333333,""latitude"":48.93500000000001,""longitude"":2.294999999999992},{""rank"":4,""cell"":""g13921:18248"",""probability"":0.0,""latitude"":49.21500000000001,""longitude"":2.4849999999999897},{""rank"":5,""cell"":""g13918:18246"",""probability"":0.0,""latitude"":49.18500000000001,""longitude"":2.465000000000008}]",6.320708520975865e-12
VIN004_20260213T160000Z_0004@0.250,VIN004,vehicle-4e503312b3,VIN004_20260213T160000Z_0004,train,0.25,48.929,2.292,48.939,2.309,g13893:18230,48.93900000000006,2.309,g13893:18230,0.8583333333333333,1.0,"[{""rank"":1,""cell"":""g13893:18230"",""probability"":0.8583333333333333,""latitude"":48.93500000000001,""longitude"":2.3050000000000113},{""rank"":2,""cell"":""g13894:18230"",""probability"":0.11666666666666667,""latitude"":48.945,""longitude"":2.3050000000000113},{""rank"":3,""cell"":""g13893:18229"",""probability"":0.008333333333333333,""latitude"":48.93500000000001,""longitude"":2.294999999999992},{""rank"":4,""cell"":""g13896:18232"",""probability"":0.008333333333333333,""latitude"":48.96500000000001,""longitude"":2.324999999999993},{""rank"":5,""cell"":""g13887:18226"",""probability"":0.008333333333333333,""latitude"":48.87500000000001,""longitude"":2.264999999999991}]",6.320708520975865e-12
VIN004_20260213T160000Z_0004@0.500,VIN004,vehicle-4e503312b3,VIN004_20260213T160000Z_0004,train,0.5,48.929,2.292,48.939,2.309,g13893:18230,48.93900000000006,2.309,g13893:18230,0.75,1.0,"[{""rank"":1,""cell"":""g13893:18230"",""probability"":0.75,""latitude"":48.93500000000001,""longitude"":2.3050000000000113},{""rank"":2,""cell"":""g13894:18230"",""probability"":0.15,""latitude"":48.945,""longitude"":2.3050000000000113},{""rank"":3,""cell"":""g13896:18232"",""probability"":0.05,""latitude"":48.96500000000001,""longitude"":2.324999999999993},{""rank"":4,""cell"":""g13896:18230"",""probability"":0.016666666666666666,""latitude"":48.96500000000001,""longitude"":2.3050000000000113},{""rank"":5,""cell"":""g13887:18226"",""probability"":0.008333333333333333,""latitude"":48.87500000000001,""longitude"":2.264999999999991}]",6.320708520975865e-12
VIN004_20260213T190000Z_0005@0.000,VIN004,vehicle-4e503312b3,VIN004_20260213T190000Z_0005,train,0.0,48.932,2.296,48.946,2.304,g13894:18230,48.945999999999934,2.304,g13894:18230,0.875,1.0,"[{""rank"":1,""cell"":""g13894:18230"",""probability"":0.875,""latitude"":48.945,""longitude"":2.3050000000000113},{""rank"":2,""cell"":""g13893:18230"",""probability"":0.08333333333333333,""latitude"":48.93500000000001,""longitude"":2.3050000000000113},{""rank"":3,""cell"":""g13897:18232"",""probability"":0.025,""latitude"":48.975,""longitude"":2.324999999999993},{""rank"":4,""cell"":""g13893:18229"",""probability"":0.008333333333333333,""latitude"":48.93500000000001,""longitude"":2.294999999999992},{""rank"":5,""cell"":""g13893:18228"",""probability"":0.008333333333333333,""latitude"":48.93500000000001,""longitude"":2.285000000000001}]",7.1107970860978476e-12
VIN004_20260213T190000Z_0005@0.250,VIN004,vehicle-4e503312b3,VIN004_20260213T190000Z_0005,train,0.25,48.932,2.296,48.946,2.304,g13894:18230,48.945999999999934,2.304,g13894:18230,0.9666666666666667,1.0,"[{""rank"":1,""cell"":""g13894:18230"",""probability"":0.9666666666666667,""latitude"":48.945,""longitude"":2.3050000000000113},{""rank"":2,""cell"":""g13893:18230"",""probability"":0.025,""latitude"":48.93500000000001,""longitude"":2.3050000000000113},{""rank"":3,""cell"":""g13897:18232"",""probability"":0.008333333333333333,""latitude"":48.975,""longitude"":2.324999999999993},{""rank"":4,""cell"":""g13921:18248"",""probability"":0.0,""latitude"":49.21500000000001,""longitude"":2.4849999999999897},{""rank"":5,""cell"":""g13918:18246"",""probability"":0.0,""latitude"":49.18500000000001,""longitude"":2.465000000000008}]",7.1107970860978476e-12
VIN004_20260213T190000Z_0005@0.500,VIN004,vehicle-4e503312b3,VIN004_20260213T190000Z_0005,train,0.5,48.932,2.296,48.946,2.304,g13894:18230,48.945999999999934,2.304,g13894:18230,0.9583333333333334,1.0,"[{""rank"":1,""cell"":""g13894:18230"",""probability"":0.9583333333333334,""latitude"":48.945,""longitude"":2.3050000000000113},{""rank"":2,""cell"":""g13893:18230"",""probability"":0.03333333333333333,""latitude"":48.93500000000001,""longitude"":2.3050000000000113},{""rank"":3,""cell"":""g13896:18230"",""probability"":0.008333333333333333,""latitude"":48.96500000000001,""longitude"":2.3050000000000113},{""rank"":4,""cell"":""g13921:18248"",""probability"":0.0,""latitude"":49.21500000000001,""longitude"":2.4849999999999897},{""rank"":5,""cell"":""g13918:18246"",""probability"":0.0,""latitude"":49.18500000000001,""longitude"":2.465000000000008}]",7.1107970860978476e-12
VIN005_20260213T070000Z_0001@0.000,VIN005,vehicle-8a75cdc6cf,VIN005_20260213T070000Z_0001,train,0.0,48.95,2.3,48.96,2.308,g13896:18230,48.96000000000003,2.3079999999999945,g13896:18230,0.9,1.0,"[{""rank"":1,""cell"":""g13896:18230"",""probability"":0.9,""latitude"":48.96500000000001,""longitude"":2.3050000000000113},{""rank"":2,""cell"":""g13896:18231"",""probability"":0.03333333333333333,""latitude"":48.96500000000001,""longitude"":2.315000000000002},{""rank"":3,""cell"":""g13894:18230"",""probability"":0.016666666666666666,""latitude"":48.945,""longitude"":2.3050000000000113},{""rank"":4,""cell"":""g13905:18236"",""probability"":0.016666666666666666,""latitude"":49.055000000000014,""longitude"":2.3650000000000135},{""rank"":5,""cell"":""g13911:18240"",""probability"":0.008333333333333333,""latitude"":49.115000000000016,""longitude"":2.4050000000000056}]",3.1842134100203243e-12
VIN005_20260213T070000Z_0001@0.250,VIN005,vehicle-8a75cdc6cf,VIN005_20260213T070000Z_0001,train,0.25,48.95,2.3,48.96,2.308,g13896:18230,48.96000000000003,2.3079999999999945,g13896:18230,0.9,1.0,"[{""rank"":1,""cell"":""g13896:18230"",""probability"":0.9,""latitude"":48.96500000000001,""longitude"":2.3050000000000113},{""rank"":2,""cell"":""g13896:18231"",""probability"":0.03333333333333333,""latitude"":48.96500000000001,""longitude"":2.315000000000002},{""rank"":3,""cell"":""g13905:18236"",""probability"":0.025,""latitude"":49.055000000000014,""longitude"":2.3650000000000135},{""rank"":4,""cell"":""g13893:18230"",""probability"":0.016666666666666666,""latitude"":48.93500000000001,""longitude"":2.3050000000000113},{""rank"":5,""cell"":""g13911:18240"",""probability"":0.008333333333333333,""latitude"":49.115000000000016,""longitude"":2.4050000000000056}]",3.1842134100203243e-12
VIN005_20260213T070000Z_0001@0.500,VIN005,vehicle-8a75cdc6cf,VIN005_20260213T070000Z_0001,train,0.5,48.95,2.3,48.96,2.308,g13896:18230,48.96000000000003,2.3079999999999945,g13896:18230,0.9416666666666667,1.0,"[{""rank"":1,""cell"":""g13896:18230"",""probability"":0.9416666666666667,""latitude"":48.96500000000001,""longitude"":2.3050000000000113},{""rank"":2,""cell"":""g13896:18231"",""probability"":0.025,""latitude"":48.96500000000001,""longitude"":2.315000000000002},{""rank"":3,""cell"":""g13905:18236"",""probability"":0.016666666666666666,""latitude"":49.055000000000014,""longitude"":2.3650000000000135},{""rank"":4,""cell"":""g13894:18230"",""probability"":0.008333333333333333,""latitude"":48.945,""longitude"":2.3050000000000113},{""rank"":5,""cell"":""g13893:18228"",""probability"":0.008333333333333333,""latitude"":48.93500000000001,""longitude"":2.285000000000001}]",3.1842134100203243e-12
VIN005_20260213T100000Z_0002@0.000,VIN005,vehicle-8a75cdc6cf,VIN005_20260213T100000Z_0002,train,0.0,48.953,2.304,48.967,2.315,g13896:18231,48.96699999999994,2.314999999999998,g13896:18231,0.7916666666666666,1.0,"[{""rank"":1,""cell"":""g13896:18231"",""probability"":0.7916666666666666,""latitude"":48.96500000000001,""longitude"":2.315000000000002},{""rank"":2,""cell"":""g13905:18237"",""probability"":0.075,""latitude"":49.055000000000014,""longitude"":2.3750000000000044},{""rank"":3,""cell"":""g13896:18230"",""probability"":0.058333333333333334,""latitude"":48.96500000000001,""longitude"":2.3050000000000113},{""rank"":4,""cell"":""g13893:18229"",""probability"":0.025,""latitude"":48.93500000000001,""longitude"":2.294999999999992},{""rank"":5,""cell"":""g13911:18241"",""probability"":0.016666666666666666,""latitude"":49.115000000000016,""longitude"":2.4149999999999965}]",6.322038519370966e-12
VIN005_20260213T100000Z_0002@0.250,VIN005,vehicle-8a75cdc6cf,VIN005_20260213T100000Z_0002,train,0.25,48.953,2.304,48.967,2.315,g13896:18231,48.96699999999994,2.314999999999998,g13896:18231,0.8833333333333333,1.0,"[{""rank"":1,""cell"":""g13896:18231"",""probability"":0.8833333333333333,""latitude"":48.96500000000001,""longitude"":2.315000000000002},{""rank"":2,""cell"":""g13905:18237"",""probability"":0.041666666666666664,""latitude"":49.055000000000014,""longitude"":2.3750000000000044},{""rank"":3,""cell"":""g13897:18232"",""probability"":0.025,""latitude"":48.975,""longitude"":2.324999999999993},{""rank"":4,""cell"":""g13896:18230"",""probability"":0.025,""latitude"":48.96500000000001,""longitude"":2.3050000000000113},{""rank"":5,""cell"":""g13893:18229"",""probability"":0.025,""latitude"":48.93500000000001,""longitude"":2.294999999999992}]",6.322038519370966e-12
VIN005_20260213T100000Z_0002@0.500,VIN005,vehicle-8a75cdc6cf,VIN005_20260213T100000Z_0002,train,0.5,48.953,2.304,48.967,2.315,g13896:18231,48.96699999999994,2.314999999999998,g13896:18231,0.825,1.0,"[{""rank"":1,""cell"":""g13896:18231"",""probability"":0.825,""latitude"":48.96500000000001,""longitude"":2.315000000000002},{""rank"":2,""cell"":""g13897:18232"",""probability"":0.075,""latitude"":48.975,""longitude"":2.324999999999993},{""rank"":3,""cell"":""g13905:18237"",""probability"":0.041666666666666664,""latitude"":49.055000000000014,""longitude"":2.3750000000000044},{""rank"":4,""cell"":""g13893:18229"",""probability"":0.03333333333333333,""latitude"":48.93500000000001,""longitude"":2.294999999999992},{""rank"":5,""cell"":""g13896:18230"",""probability"":0.016666666666666666,""latitude"":48.96500000000001,""longitude"":2.3050000000000113}]",6.322038519370966e-12
VIN005_20260213T130000Z_0003@0.000,VIN005,vehicle-8a75cdc6cf,VIN005_20260213T130000Z_0003,train,0.0,48.956,2.308,48.974,2.322,g13897:18232,48.97400000000009,2.3220000000000023,g13897:18232,0.7916666666666666,1.0,"[{""rank"":1,""cell"":""g13897:18232"",""probability"":0.7916666666666666,""latitude"":48.975,""longitude"":2.324999999999993},{""rank"":2,""cell"":""g13896:18232"",""probability"":0.09166666666666666,""latitude"":48.96500000000001,""longitude"":2.324999999999993},{""rank"":3,""cell"":""g13896:18231"",""probability"":0.06666666666666667,""latitude"":48.96500000000001,""longitude"":2.315000000000002},{""rank"":4,""cell"":""g13894:18230"",""probability"":0.025,""latitude"":48.945,""longitude"":2.3050000000000113},{""rank"":5,""cell"":""g13906:18238"",""probability"":0.008333333333333333,""latitude"":49.065000000000005,""longitude"":2.3849999999999953}]",1.0272429887085897e-11
VIN005_20260213T130000Z_0003@0.250,VIN005,vehicle-8a75cdc6cf,VIN005_20260213T130000Z_0003,train,0.25,48.956,2.308,48.974,2.322,g13897:18232,48.97400000000009,2.3220000000000023,g13897:18232,0.9333333333333333,1.0,"[{""rank"":1,""cell"":""g13897:18232"",""probability"":0.9333333333333333,""latitude"":48.975,""longitude"":2.324999999999993},{""rank"":2,""cell"":""g13896:18232"",""probability"":0.041666666666666664,""latitude"":48.96500000000001,""longitude"":2.324999999999993},{""rank"":3,""cell"":""g13906:18238"",""probability"":0.008333333333333333,""latitude"":49.065000000000005,""longitude"":2.3849999999999953},{""rank"":4,""cell"":""g13896:18231"",""probability"":0.008333333333333333,""latitude"":48.96500000000001,""longitude"":2.315000000000002},{""rank"":5,""cell"":""g13894:18230"",""probability"":0.008333333333333333,""latitude"":48.945,""longitude"":2.3050000000000113}]",1.0272429887085897e-11
VIN005_20260213T130000Z_0003@0.500,VIN005,vehicle-8a75cdc6cf,VIN005_20260213T130000Z_0003,train,0.5,48.956,2.308,48.974,2.322,g13897:18232,48.97400000000009,2.3220000000000023,g13897:18232,0.9416666666666667,1.0,"[{""rank"":1,""cell"":""g13897:18232"",""probability"":0.9416666666666667,""latitude"":48.975,""longitude"":2.324999999999993},{""rank"":2,""cell"":""g13906:18238"",""probability"":0.016666666666666666,""latitude"":49.065000000000005,""longitude"":2.3849999999999953},{""rank"":3,""cell"":""g13912:18242"",""probability"":0.008333333333333333,""latitude"":49.12500000000001,""longitude"":2.425000000000016},{""rank"":4,""cell"":""g13896:18231"",""probability"":0.008333333333333333,""latitude"":48.96500000000001,""longitude"":2.315000000000002},{""rank"":5,""cell"":""g13896:18232"",""probability"":0.008333333333333333,""latitude"":48.96500000000001,""longitude"":2.324999999999993}]",1.0272429887085897e-11
VIN005_20260213T160000Z_0004@0.000,VIN005,vehicle-8a75cdc6cf,VIN005_20260213T160000Z_0004,train,0.0,48.959,2.312,48.969,2.329,g13896:18232,48.969000000000044,2.3290000000000024,g13896:18232,0.825,1.0,"[{""rank"":1,""cell"":""g13896:18232"",""probability"":0.825,""latitude"":48.96500000000001,""longitude"":2.324999999999993},{""rank"":2,""cell"":""g13897:18232"",""probability"":0.14166666666666666,""latitude"":48.975,""longitude"":2.324999999999993},{""rank"":3,""cell"":""g13905:18238"",""probability"":0.016666666666666666,""latitude"":49.055000000000014,""longitude"":2.3849999999999953},{""rank"":4,""cell"":""g13906:18238"",""probability"":0.008333333333333333,""latitude"":49.065000000000005,""longitude"":2.3849999999999953},{""rank"":5,""cell"":""g13894:18230"",""probability"":0.008333333333333333,""latitude"":48.945,""longitude"":2.3050000000000113}]",4.743301480608799e-12
VIN005_20260213T160000Z_0004@0.250,VIN005,vehicle-8a75cdc6cf,VIN005_20260213T160000Z_0004,train,0.25,48.959,2.312,48.969,2.329,g13896:18232,48.969000000000044,2.3290000000000024,g13896:18232,0.7916666666666666,1.0,"[{""rank"":1,""cell"":""g13896:18232"",""probability"":0.7916666666666666,""latitude"":48.96500000000001,""longitude"":2.324999999999993},{""rank"":2,""cell"":""g13897:18232"",""probability"":0.15,""latitude"":48.975,""longitude"":2.324999999999993},{""rank"":3,""cell"":""g13905:18238"",""probability"":0.025,""latitude"":49.055000000000014,""longitude"":2.3849999999999953},{""rank"":4,""cell"":""g13906:18238"",""probability"":0.008333333333333333,""latitude"":49.065000000000005,""longitude"":2.3849999999999953},{""rank"":5,""cell"":""g13887:18226"",""probability"":0.008333333333333333,""latitude"":48.87500000000001,""longitude"":2.264999999999991}]",4.743301480608799e-12
VIN005_20260213T160000Z_0004@0.500,VIN005,vehicle-8a75cdc6cf,VIN005_20260213T160000Z_0004,train,0.5,48.959,2.312,48.969,2.329,g13896:18232,48.969000000000044,2.3290000000000024,g13896:18232,0.7583333333333333,1.0,"[{""rank"":1,""cell"":""g13896:18232"",""probability"":0.7583333333333333,""latitude"":48.96500000000001,""longitude"":2.324999999999993},{""rank"":2,""cell"":""g13897:18232"",""probability"":0.14166666666666666,""latitude"":48.975,""longitude"":2.324999999999993},{""rank"":3,""cell"":""g13893:18230"",""probability"":0.05,""latitude"":48.93500000000001,""longitude"":2.3050000000000113},{""rank"":4,""cell"":""g13905:18238"",""probability"":0.025,""latitude"":49.055000000000014,""longitude"":2.3849999999999953},{""rank"":5,""cell"":""g13896:18231"",""probability"":0.008333333333333333,""latitude"":48.96500000000001,""longitude"":2.315000000000002}]",4.743301480608799e-12
VIN005_20260213T190000Z_0005@0.000,VIN005,vehicle-8a75cdc6cf,VIN005_20260213T190000Z_0005,train,0.0,48.962,2.316,48.976,2.324,g13897:18232,48.97599999999996,2.3240000000000056,g13897:18232,0.8833333333333333,1.0,"[{""rank"":1,""cell"":""g13897:18232"",""probability"":0.8833333333333333,""latitude"":48.975,""longitude"":2.324999999999993},{""rank"":2,""cell"":""g13896:18232"",""probability"":0.09166666666666666,""latitude"":48.96500000000001,""longitude"":2.324999999999993},{""rank"":3,""cell"":""g13906:18238"",""probability"":0.008333333333333333,""latitude"":49.065000000000005,""longitude"":2.3849999999999953},{""rank"":4,""cell"":""g13905:18236"",""probability"":0.008333333333333333,""latitude"":49.055000000000014,""longitude"":2.3650000000000135},{""rank"":5,""cell"":""g13894:18230"",""probability"":0.008333333333333333,""latitude"":48.945,""longitude"":2.3050000000000113}]",4.759220569812621e-12
VIN005_20260213T190000Z_0005@0.250,VIN005,vehicle-8a75cdc6cf,VIN005_20260213T190000Z_0005,train,0.25,48.962,2.316,48.976,2.324,g13897:18232,48.97599999999996,2.3240000000000056,g13897:18232,0.95,1.0,"[{""rank"":1,""cell"":""g13897:18232"",""probability"":0.95,""latitude"":48.975,""longitude"":2.324999999999993},{""rank"":2,""cell"":""g13896:18232"",""probability"":0.03333333333333333,""latitude"":48.96500000000001,""longitude"":2.324999999999993},{""rank"":3,""cell"":""g13894:18230"",""probability"":0.008333333333333333,""latitude"":48.945,""longitude"":2.3050000000000113},{""rank"":4,""cell"":""g13906:18238"",""probability"":0.008333333333333333,""latitude"":49.065000000000005,""longitude"":2.3849999999999953},{""rank"":5,""cell"":""g13921:18248"",""probability"":0.0,""latitude"":49.21500000000001,""longitude"":2.4849999999999897}]",4.759220569812621e-12
VIN005_20260213T190000Z_0005@0.500,VIN005,vehicle-8a75cdc6cf,VIN005_20260213T190000Z_0005,train,0.5,48.962,2.316,48.976,2.324,g13897:18232,48.97599999999996,2.3240000000000056,g13897:18232,0.9416666666666667,1.0,"[{""rank"":1,""cell"":""g13897:18232"",""probability"":0.9416666666666667,""latitude"":48.975,""longitude"":2.324999999999993},{""rank"":2,""cell"":""g13906:18238"",""probability"":0.025,""latitude"":49.065000000000005,""longitude"":2.3849999999999953},{""rank"":3,""cell"":""g13896:18232"",""probability"":0.016666666666666666,""latitude"":48.96500000000001,""longitude"":2.324999999999993},{""rank"":4,""cell"":""g13896:18230"",""probability"":0.008333333333333333,""latitude"":48.96500000000001,""longitude"":2.3050000000000113},{""rank"":5,""cell"":""g13894:18230"",""probability"":0.008333333333333333,""latitude"":48.945,""longitude"":2.3050000000000113}]",4.759220569812621e-12
VIN006_20260213T070000Z_0001@0.000,VIN006,vehicle-3c641937fb,VIN006_20260213T070000Z_0001,test,0.0,48.98,2.32,48.99,2.328,g13899:18232,48.980266666666694,2.3305166666666675,g13896:18230,0.49166666666666664,,"[{""rank"":1,""cell"":""g13896:18230"",""probability"":0.49166666666666664,""latitude"":48.96500000000001,""longitude"":2.3050000000000113},{""rank"":2,""cell"":""g13896:18232"",""probability"":0.14166666666666666,""latitude"":48.96500000000001,""longitude"":2.324999999999993},{""rank"":3,""cell"":""g13905:18236"",""probability"":0.125,""latitude"":49.055000000000014,""longitude"":2.3650000000000135},{""rank"":4,""cell"":""g13897:18232"",""probability"":0.11666666666666667,""latitude"":48.975,""longitude"":2.324999999999993},{""rank"":5,""cell"":""g13896:18231"",""probability"":0.09166666666666666,""latitude"":48.96500000000001,""longitude"":2.315000000000002}]",1.0977690390276234
VIN006_20260213T070000Z_0001@0.250,VIN006,vehicle-3c641937fb,VIN006_20260213T070000Z_0001,test,0.25,48.98,2.32,48.99,2.328,g13899:18232,48.980266666666694,2.3305166666666675,g13896:18230,0.49166666666666664,,"[{""rank"":1,""cell"":""g13896:18230"",""probability"":0.49166666666666664,""latitude"":48.96500000000001,""longitude"":2.3050000000000113},{""rank"":2,""cell"":""g13896:18232"",""probability"":0.14166666666666666,""latitude"":48.96500000000001,""longitude"":2.324999999999993},{""rank"":3,""cell"":""g13897:18232"",""probability"":0.13333333333333333,""latitude"":48.975,""longitude"":2.324999999999993},{""rank"":4,""cell"":""g13905:18236"",""probability"":0.125,""latitude"":49.055000000000014,""longitude"":2.3650000000000135},{""rank"":5,""cell"":""g13896:18231"",""probability"":0.09166666666666666,""latitude"":48.96500000000001,""longitude"":2.315000000000002}]",1.0977690390276234
VIN006_20260213T070000Z_0001@0.500,VIN006,vehicle-3c641937fb,VIN006_20260213T070000Z_0001,test,0.5,48.98,2.32,48.99,2.328,g13899:18232,48.980941666666695,2.330841666666667,g13896:18230,0.525,,"[{""rank"":1,""cell"":""g13896:18230"",""probability"":0.525,""latitude"":48.96500000000001,""longitude"":2.3050000000000113},{""rank"":2,""cell"":""g13896:18232"",""probability"":0.15,""latitude"":48.96500000000001,""longitude"":2.324999999999993},{""rank"":3,""cell"":""g13905:18236"",""probability"":0.10833333333333334,""latitude"":49.055000000000014,""longitude"":2.3650000000000135},{""rank"":4,""cell"":""g13897:18232"",""probability"":0.1,""latitude"":48.975,""longitude"":2.324999999999993},{""rank"":5,""cell"":""g13896:18231"",""probability"":0.08333333333333333,""latitude"":48.96500000000001,""longitude"":2.315000000000002}]",1.0283654375618771
VIN006_20260213T100000Z_0002@0.000,VIN006,vehicle-3c641937fb,VIN006_20260213T100000Z_0002,test,0.0,48.983,2.324,48.997,2.335,g13899:18233,48.98578333333334,2.3337833333333347,g13896:18231,0.375,,"[{""rank"":1,""cell"":""g13896:18231"",""probability"":0.375,""latitude"":48.96500000000001,""longitude"":2.315000000000002},{""rank"":2,""cell"":""g13897:18232"",""probability"":0.25,""latitude"":48.975,""longitude"":2.324999999999993},{""rank"":3,""cell"":""g13896:18232"",""probability"":0.2,""latitude"":48.96500000000001,""longitude"":2.324999999999993},{""rank"":4,""cell"":""g13905:18237"",""probability"":0.11666666666666667,""latitude"":49.055000000000014,""longitude"":2.3750000000000044},{""rank"":5,""cell"":""g13911:18241"",""probability"":0.03333333333333333,""latitude"":49.115000000000016,""longitude"":2.4149999999999965}]",1.250393313929762
VIN006_20260213T100000Z_0002@0.250,VIN006,vehicle-3c641937fb,VIN006_20260213T100000Z_0002,test,0.25,48.983,2.324,48.997,2.335,g13899:18233,48.98647500000001,2.3342250000000013,g13896:18231,0.4583333333333333,,"[{""rank"":1,""cell"":""g13896:18231"",""probability"":0.4583333333333333,""latitude"":48.96500000000001,""longitude"":2.315000000000002},{""rank"":2,""cell"":""g13897:18232"",""probability"":0.275,""latitude"":48.975,""longitude"":2.324999999999993},{""rank"":3,""cell"":""g13896:18232"",""probability"":0.15833333333333333,""latitude"":48.96500000000001,""longitude"":2.324999999999993},{""rank"":4,""cell"":""g13905:18237"",""probability"":0.075,""latitude"":49.055000000000014,""longitude"":2.3750000000000044},{""rank"":5,""cell"":""g13911:18241"",""probability"":0.016666666666666666,""latitude"":49.115000000000016,""longitude"":2.4149999999999965}]",1.171693473700804
VIN006_20260213T100000Z_0002@0.500,VIN006,vehicle-3c641937fb,VIN006_20260213T100000Z_0002,test,0.5,48.983,2.324,48.997,2.335,g13899:18233,48.987150000000014,2.334550000000001,g13896:18231,0.4583333333333333,,"[{""rank"":1,""cell"":""g13896:18231"",""probability"":0.4583333333333333,""latitude"":48.96500000000001,""longitude"":2.315000000000002},{""rank"":2,""cell"":""g13897:18232"",""probability"":0.25833333333333336,""latitude"":48.975,""longitude"":2.324999999999993},{""rank"":3,""cell"":""g13896:18232"",""probability"":0.15,""latitude"":48.96500000000001,""longitude"":2.324999999999993},{""rank"":4,""cell"":""g13905:18237"",""probability"":0.06666666666666667,""latitude"":49.055000000000014,""longitude"":2.3750000000000044},{""rank"":5,""cell"":""g13893:18229"",""probability"":0.025,""latitude"":48.93500000000001,""longitude"":2.294999999999992}]",1.0957635468160214
VIN006_20260213T130000Z_0003@0.000,VIN006,vehicle-3c641937fb,VIN006_20260213T130000Z_0003,test,0.0,48.986,2.328,49.004,2.342,g13900:18234,48.99114166666671,2.3392916666666688,g13897:18232,0.5666666666666667,,"[{""rank"":1,""cell"":""g13897:18232"",""probability"":0.5666666666666667,""latitude"":48.975,""longitude"":2.324999999999993},{""rank"":2,""cell"":""g13896:18232"",""probability"":0.36666666666666664,""latitude"":48.96500000000001,""longitude"":2.324999999999993},{""rank"":3,""cell"":""g13906:18238"",""probability"":0.03333333333333333,""latitude"":49.065000000000005,""longitude"":2.3849999999999953},{""rank"":4,""cell"":""g13896:18231"",""probability"":0.016666666666666666,""latitude"":48.96500000000001,""longitude"":2.315000000000002},{""rank"":5,""cell"":""g13894:18230"",""probability"":0.008333333333333333,""latitude"":48.945,""longitude"":2.3050000000000113}]",1.4433710639658308
VIN006_20260213T130000Z_0003@0.250,VIN006,vehicle-3c641937fb,VIN006_20260213T130000Z_0003,test,0.25,48.986,2.328,49.004,2.342,g13900:18234,48.9931666666667,2.3402666666666687,g13897:18232,0.6833333333333333,,"[{""rank"":1,""cell"":""g13897:18232"",""probability"":0.6833333333333333,""latitude"":48.975,""longitude"":2.324999999999993},{""rank"":2,""cell"":""g13896:18232"",""probability"":0.2916666666666667,""latitude"":48.96500000000001,""longitude"":2.324999999999993},{""rank"":3,""cell"":""g13906:18238"",""probability"":0.025,""latitude"":49.065000000000005,""longitude"":2.3849999999999953},{""rank"":4,""cell"":""g13921:18248"",""probability"":0.0,""latitude"":49.21500000000001,""longitude"":2.4849999999999897},{""rank"":5,""cell"":""g13918:18246"",""probability"":0.0,""latitude"":49.18500000000001,""longitude"":2.465000000000008}]",1.2112321301855369
VIN006_20260213T130000Z_0003@0.500,VIN006,vehicle-3c641937fb,VIN006_20260213T130000Z_0003,test,0.5,48.986,2.328,49.004,2.342,g13900:18234,48.99447500000004,2.3409750000000016,g13897:18232,0.675,,"[{""rank"":1,""cell"":""g13897:18232"",""probability"":0.675,""latitude"":48.975,""longitude"":2.324999999999993},{""rank"":2,""cell"":""g13896:18232"",""probability"":0.26666666666666666,""latitude"":48.96500000000001,""longitude"":2.324999999999993},{""rank"":3,""cell"":""g13906:18238"",""probability"":0.03333333333333333,""latitude"":49.065000000000005,""longitude"":2.3849999999999953},{""rank"":4,""cell"":""g13915:18244"",""probability"":0.008333333333333333,""latitude"":49.15500000000001,""longitude"":2.4449999999999976},{""rank"":5,""cell"":""g13912:18242"",""probability"":0.008333333333333333,""latitude"":49.12500000000001,""longitude"":2.425000000000016}]",1.0617694540866331
VIN006_20260213T160000Z_0004@0.000,VIN006,vehicle-3c641937fb,VIN006_20260213T160000Z_0004,test,0.0,48.989,2.332,48.999,2.349,g13899:18234,48.99828333333337,2.343383333333335,g13896:18232,0.5333333333333333,,"[{""rank"":1,""cell"":""g13896:18232"",""probability"":0.5333333333333333,""latitude"":48.96500000000001,""longitude"":2.324999999999993},{""rank"":2,""cell"":""g13897:18232"",""probability"":0.425,""latitude"":48.975,""longitude"":2.324999999999993},{""rank"":3,""cell"":""g13905:18238"",""probability"":0.025,""latitude"":49.055000000000014,""longitude"":2.3849999999999953},{""rank"":4,""cell"":""g13906:18238"",""probability"":0.008333333333333333,""latitude"":49.065000000000005,""longitude"":2.3849999999999953},{""rank"":5,""cell"":""g13894:18230"",""probability"":0.008333333333333333,""latitude"":48.945,""longitude"":2.3050000000000113}]",0.41742729243488813
VIN006_20260213T160000Z_0004@0.250,VIN006,vehicle-3c641937fb,VIN006_20260213T160000Z_0004,test,0.25,48.989,2.332,48.999,2.349,g13899:18234,48.99828333333337,2.343383333333335,g13896:18232,0.5083333333333333,,"[{""rank"":1,""cell"":""g13896:18232"",""probability"":0.5083333333333333,""latitude"":48.96500000000001,""longitude"":2.324999999999993},{""rank"":2,""cell"":""g13897:18232"",""probability"":0.43333333333333335,""latitude"":48.975,""longitude"":2.324999999999993},{""rank"":3,""cell"":""g13905:18238"",""probability"":0.025,""latitude"":49.055000000000014,""longitude"":2.3849999999999953},{""rank"":4,""cell"":""g13906:18238"",""probability"":0.008333333333333333,""latitude"":49.065000000000005,""longitude"":2.3849999999999953},{""rank"":5,""cell"":""g13887:18226"",""probability"":0.008333333333333333,""latitude"":48.87500000000001,""longitude"":2.264999999999991}]",0.41742729243488813
VIN006_20260213T160000Z_0004@0.500,VIN006,vehicle-3c641937fb,VIN006_20260213T160000Z_0004,test,0.5,48.989,2.332,48.999,2.349,g13899:18234,48.99963333333337,2.3440333333333347,g13896:18232,0.55,,"[{""rank"":1,""cell"":""g13896:18232"",""probability"":0.55,""latitude"":48.96500000000001,""longitude"":2.324999999999993},{""rank"":2,""cell"":""g13897:18232"",""probability"":0.3416666666666667,""latitude"":48.975,""longitude"":2.324999999999993},{""rank"":3,""cell"":""g13893:18230"",""probability"":0.041666666666666664,""latitude"":48.93500000000001,""longitude"":2.3050000000000113},{""rank"":4,""cell"":""g13905:18238"",""probability"":0.03333333333333333,""latitude"":49.055000000000014,""longitude"":2.3849999999999953},{""rank"":5,""cell"":""g13905:18236"",""probability"":0.016666666666666666,""latitude"":49.055000000000014,""longitude"":2.3650000000000135}]",0.3691064666260573
VIN006_20260213T190000Z_0005@0.000,VIN006,vehicle-3c641937fb,VIN006_20260213T190000Z_0005,test,0.0,48.992,2.336,49.006,2.344,g13900:18234,49.007225000000034,2.3476250000000007,g13897:18232,0.6166666666666667,,"[{""rank"":1,""cell"":""g13897:18232"",""probability"":0.6166666666666667,""latitude"":48.975,""longitude"":2.324999999999993},{""rank"":2,""cell"":""g13896:18232"",""probability"":0.26666666666666666,""latitude"":48.96500000000001,""longitude"":2.324999999999993},{""rank"":3,""cell"":""g13905:18236"",""probability"":0.06666666666666667,""latitude"":49.055000000000014,""longitude"":2.3650000000000135},{""rank"":4,""cell"":""g13905:18237"",""probability"":0.025,""latitude"":49.055000000000014,""longitude"":2.3750000000000044},{""rank"":5,""cell"":""g13906:18238"",""probability"":0.016666666666666666,""latitude"":49.065000000000005,""longitude"":2.3849999999999953}]",0.29743436801973433
VIN006_20260213T190000Z_0005@0.250,VIN006,vehicle-3c641937fb,VIN006_20260213T190000Z_0005,test,0.25,48.992,2.336,49.006,2.344,g13900:18234,49.00870833333337,2.348408333333334,g13897:18232,0.6916666666666667,,"[{""rank"":1,""cell"":""g13897:18232"",""probability"":0.6916666666666667,""latitude"":48.975,""longitude"":2.324999999999993},{""rank"":2,""cell"":""g13896:18232"",""probability"":0.2,""latitude"":48.96500000000001,""longitude"":2.324999999999993},{""rank"":3,""cell"":""g13905:18236"",""probability"":0.058333333333333334,""latitude"":49.055000000000014,""longitude"":2.3650000000000135},{""rank"":4,""cell"":""g13905:18237"",""probability"":0.025,""latitude"":49.055000000000014,""longitude"":2.3750000000000044},{""rank"":5,""cell"":""g13906:18238"",""probability"":0.016666666666666666,""latitude"":49.065000000000005,""longitude"":2.3849999999999953}]",0.44054863966569485
VIN006_20260213T190000Z_0005@0.500,VIN006,vehicle-3c641937fb,VIN006_20260213T190000Z_0005,test,0.5,48.992,2.336,49.006,2.344,g13900:18234,49.010175000000025,2.3491750000000007,g13897:18232,0.6833333333333333,,"[{""rank"":1,""cell"":""g13897:18232"",""probability"":0.6833333333333333,""latitude"":48.975,""longitude"":2.324999999999993},{""rank"":2,""cell"":""g13896:18232"",""probability"":0.15,""latitude"":48.96500000000001,""longitude"":2.324999999999993},{""rank"":3,""cell"":""g13905:18236"",""probability"":0.08333333333333333,""latitude"":49.055000000000014,""longitude"":2.3650000000000135},{""rank"":4,""cell"":""g13906:18238"",""probability"":0.041666666666666664,""latitude"":49.065000000000005,""longitude"":2.3849999999999953},{""rank"":5,""cell"":""g13905:18237"",""probability"":0.025,""latitude"":49.055000000000014,""longitude"":2.3750000000000044}]",0.5983248339636925
VIN007_20260213T070000Z_0001@0.000,VIN007,vehicle-97ca60890b,VIN007_20260213T070000Z_0001,test,0.0,49.01,2.34,49.02,2.348,g13902:18234,49.01823333333341,2.350883333333331,g13905:18236,0.8166666666666667,,"[{""rank"":1,""cell"":""g13905:18236"",""probability"":0.8166666666666667,""latitude"":49.055000000000014,""longitude"":2.3650000000000135},{""rank"":2,""cell"":""g13896:18230"",""probability"":0.06666666666666667,""latitude"":48.96500000000001,""longitude"":2.3050000000000113},{""rank"":3,""cell"":""g13911:18240"",""probability"":0.041666666666666664,""latitude"":49.115000000000016,""longitude"":2.4050000000000056},{""rank"":4,""cell"":""g13897:18232"",""probability"":0.03333333333333333,""latitude"":48.975,""longitude"":2.324999999999993},{""rank"":5,""cell"":""g13905:18237"",""probability"":0.025,""latitude"":49.055000000000014,""longitude"":2.3750000000000044}]",0.2877494599308594
VIN007_20260213T070000Z_0001@0.250,VIN007,vehicle-97ca60890b,VIN007_20260213T070000Z_0001,test,0.25,49.01,2.34,49.02,2.348,g13902:18234,49.01823333333341,2.350883333333331,g13905:18236,0.8333333333333334,,"[{""rank"":1,""cell"":""g13905:18236"",""probability"":0.8333333333333334,""latitude"":49.055000000000014,""longitude"":2.3650000000000135},{""rank"":2,""cell"":""g13896:18230"",""probability"":0.058333333333333334,""latitude"":48.96500000000001,""longitude"":2.3050000000000113},{""rank"":3,""cell"":""g13911:18240"",""probability"":0.041666666666666664,""latitude"":49.115000000000016,""longitude"":2.4050000000000056},{""rank"":4,""cell"":""g13897:18232"",""probability"":0.03333333333333333,""latitude"":48.975,""longitude"":2.324999999999993},{""rank"":5,""cell"":""g13896:18232"",""probability"":0.016666666666666666,""latitude"":48.96500000000001,""longitude"":2.324999999999993}]",0.2877494599308594
VIN007_20260213T070000Z_0001@0.500,VIN007,vehicle-97ca60890b,VIN007_20260213T070000Z_0001,test,0.5,49.01,2.34,49.02,2.348,g13902:18234,49.01898333333341,2.3513833333333314,g13905:18236,0.8166666666666667,,"[{""rank"":1,""cell"":""g13905:18236"",""probability"":0.8166666666666667,""latitude"":49.055000000000014,""longitude"":2.3650000000000135},{""rank"":2,""cell"":""g13896:18230"",""probability"":0.06666666666666667,""latitude"":48.96500000000001,""longitude"":2.3050000000000113},{""rank"":3,""cell"":""g13897:18232"",""probability"":0.03333333333333333,""latitude"":48.975,""longitude"":2.324999999999993},{""rank"":4,""cell"":""g13905:18237"",""probability"":0.025,""latitude"":49.055000000000014,""longitude"":2.3750000000000044},{""rank"":5,""cell"":""g13896:18232"",""probability"":0.025,""latitude"":48.96500000000001,""longitude"":2.324999999999993}]",0.2713860272771876
VIN007_20260213T100000Z_0002@0.000,VIN007,vehicle-97ca60890b,VIN007_20260213T100000Z_0002,test,0.0,49.013,2.344,49.027,2.355,g13902:18235,49.02914166666673,2.3570416666666647,g13905:18237,0.5916666666666667,,"[{""rank"":1,""cell"":""g13905:18237"",""probability"":0.5916666666666667,""latitude"":49.055000000000014,""longitude"":2.3750000000000044},{""rank"":2,""cell"":""g13905:18236"",""probability"":0.26666666666666666,""latitude"":49.055000000000014,""longitude"":2.3650000000000135},{""rank"":3,""cell"":""g13911:18241"",""probability"":0.05,""latitude"":49.115000000000016,""longitude"":2.4149999999999965},{""rank"":4,""cell"":""g13906:18238"",""probability"":0.025,""latitude"":49.065000000000005,""longitude"":2.3849999999999953},{""rank"":5,""cell"":""g13897:18232"",""probability"":0.025,""latitude"":48.975,""longitude"":2.324999999999993}]",0.28083859086522206
VIN007_20260213T100000Z_0002@0.250,VIN007,vehicle-97ca60890b,VIN007_20260213T100000Z_0002,test,0.25,49.013,2.344,49.027,2.355,g13902:18235,49.02914166666673,2.3570416666666647,g13905:18237,0.6333333333333333,,"[{""rank"":1,""cell"":""g13905:18237"",""probability"":0.6333333333333333,""latitude"":49.055000000000014,""longitude"":2.3750000000000044},{""rank"":2,""cell"":""g13905:18236"",""probability"":0.25833333333333336,""latitude"":49.055000000000014,""longitude"":2.3650000000000135},{""rank"":3,""cell"":""g13896:18231"",""probability"":0.05,""latitude"":48.96500000000001,""longitude"":2.315000000000002},{""rank"":4,""cell"":""g13897:18232"",""probability"":0.025,""latitude"":48.975,""longitude"":2.324999999999993},{""rank"":5,""cell"":""g13911:18241"",""probability"":0.016666666666666666,""latitude"":49.115000000000016,""longitude"":2.4149999999999965}]",0.28083859086522206
VIN007_20260213T100000Z_0002@0.500,VIN007,vehicle-97ca60890b,VIN007_20260213T100000Z_0002,test,0.5,49.013,2.344,49.027,2.355,g13902:18235,49.02914166666673,2.3570416666666647,g13905:18237,0.625,,"[{""rank"":1,""cell"":""g13905:18237"",""probability"":0.625,""latitude"":49.055000000000014,""longitude"":2.3750000000000044},{""rank"":2,""cell"":""g13905:18236"",""probability"":0.24166666666666667,""latitude"":49.055000000000014,""longitude"":2.3650000000000135},{""rank"":3,""cell"":""g13896:18231"",""probability"":0.05,""latitude"":48.96500000000001,""longitude"":2.315000000000002},{""rank"":4,""cell"":""g13897:18232"",""probability"":0.025,""latitude"":48.975,""longitude"":2.324999999999993},{""rank"":5,""cell"":""g13906:18238"",""probability"":0.016666666666666666,""latitude"":49.065000000000005,""longitude"":2.3849999999999953}]",0.28083859086522206
VIN007_20260213T130000Z_0003@0.000,VIN007,vehicle-97ca60890b,VIN007_20260213T130000Z_0003,test,0.0,49.016,2.348,49.034,2.362,g13903:18236,49.03535000000007,2.36225,g13906:18238,0.475,,"[{""rank"":1,""cell"":""g13906:18238"",""probability"":0.475,""latitude"":49.065000000000005,""longitude"":2.3849999999999953},{""rank"":2,""cell"":""g13905:18237"",""probability"":0.175,""latitude"":49.055000000000014,""longitude"":2.3750000000000044},{""rank"":3,""cell"":""g13905:18236"",""probability"":0.175,""latitude"":49.055000000000014,""longitude"":2.3650000000000135},{""rank"":4,""cell"":""g13905:18238"",""probability"":0.08333333333333333,""latitude"":49.055000000000014,""longitude"":2.3849999999999953},{""rank"":5,""cell"":""g13897:18232"",""probability"":0.075,""latitude"":48.975,""longitude"":2.324999999999993}]",0.15121563596169657
VIN007_20260213T130000Z_0003@0.250,VIN007,vehicle-97ca60890b,VIN007_20260213T130000Z_0003,test,0.25,49.016,2.348,49.034,2.362,g13903:18236,49.03535000000007,2.36225,g13906:18238,0.5083333333333333,,"[{""rank"":1,""cell"":""g13906:18238"",""probability"":0.5083333333333333,""latitude"":49.065000000000005,""longitude"":2.3849999999999953},{""rank"":2,""cell"":""g13905:18236"",""probability"":0.18333333333333332,""latitude"":49.055000000000014,""longitude"":2.3650000000000135},{""rank"":3,""cell"":""g13905:18237"",""probability"":0.16666666666666666,""latitude"":49.055000000000014,""longitude"":2.3750000000000044},{""rank"":4,""cell"":""g13905:18238"",""probability"":0.06666666666666667,""latitude"":49.055000000000014,""longitude"":2.3849999999999953},{""rank"":5,""cell"":""g13897:18232"",""probability"":0.06666666666666667,""latitude"":48.975,""longitude"":2.324999999999993}]",0.15121563596169657
VIN007_20260213T130000Z_0003@0.500,VIN007,vehicle-97ca60890b,VIN007_20260213T130000Z_0003,test,0.5,49.016,2.348,49.034,2.362,g13903:18236,49.036600000000064,2.3629999999999995,g13906:18238,0.5166666666666667,,"[{""rank"":1,""cell"":""g13906:18238"",""probability"":0.5166666666666667,""latitude"":49.065000000000005,""longitude"":2.3849999999999953},{""rank"":2,""cell"":""g13905:18237"",""probability"":0.16666666666666666,""latitude"":49.055000000000014,""longitude"":2.3750000000000044},{""rank"":3,""cell"":""g13905:18236"",""probability"":0.16666666666666666,""latitude"":49.055000000000014,""longitude"":2.3650000000000135},{""rank"":4,""cell"":""g13897:18232"",""probability"":0.075,""latitude"":48.975,""longitude"":2.324999999999993},{""rank"":5,""cell"":""g13905:18238"",""probability"":0.058333333333333334,""latitude"":49.055000000000014,""longitude"":2.3849999999999953}]",0.2981563615380668
VIN007_20260213T160000Z_0004@0.000,VIN007,vehicle-97ca60890b,VIN007_20260213T160000Z_0004,test,0.0,49.019,2.352,49.029,2.369,g13902:18236,49.04300833333339,2.3670583333333326,g13906:18238,0.3333333333333333,,"[{""rank"":1,""cell"":""g13906:18238"",""probability"":0.3333333333333333,""latitude"":49.065000000000005,""longitude"":2.3849999999999953},{""rank"":2,""cell"":""g13905:18238"",""probability"":0.25833333333333336,""latitude"":49.055000000000014,""longitude"":2.3849999999999953},{""rank"":3,""cell"":""g13905:18236"",""probability"":0.18333333333333332,""latitude"":49.055000000000014,""longitude"":2.3650000000000135},{""rank"":4,""cell"":""g13905:18237"",""probability"":0.13333333333333333,""latitude"":49.055000000000014,""longitude"":2.3750000000000044},{""rank"":5,""cell"":""g13896:18232"",""probability"":0.06666666666666667,""latitude"":48.96500000000001,""longitude"":2.324999999999993}]",1.5640754907919658
VIN007_20260213T160000Z_0004@0.250,VIN007,vehicle-97ca60890b,VIN007_20260213T160000Z_0004,test,0.25,49.019,2.352,49.029,2.369,g13902:18236,49.04300833333339,2.3670583333333326,g13906:18238,0.30833333333333335,,"[{""rank"":1,""cell"":""g13906:18238"",""probability"":0.30833333333333335,""latitude"":49.065000000000005,""longitude"":2.3849999999999953},{""rank"":2,""cell"":""g13905:18238"",""probability"":0.275,""latitude"":49.055000000000014,""longitude"":2.3849999999999953},{""rank"":3,""cell"":""g13905:18236"",""probability"":0.2,""latitude"":49.055000000000014,""longitude"":2.3650000000000135},{""rank"":4,""cell"":""g13905:18237"",""probability"":0.13333333333333333,""latitude"":49.055000000000014,""longitude"":2.3750000000000044},{""rank"":5,""cell"":""g13896:18232"",""probability"":0.058333333333333334,""latitude"":48.96500000000001,""longitude"":2.324999999999993}]",1.5640754907919658
VIN007_20260213T160000Z_0004@0.500,VIN007,vehicle-97ca60890b,VIN007_20260213T160000Z_0004,test,0.5,49.019,2.352,49.029,2.369,g13902:18236,49.04300833333339,2.3670583333333326,g13905:18238,0.325,,"[{""rank"":1,""cell"":""g13905:18238"",""probability"":0.325,""latitude"":49.055000000000014,""longitude"":2.3849999999999953},{""rank"":2,""cell"":""g13906:18238"",""probability"":0.25,""latitude"":49.065000000000005,""longitude"":2.3849999999999953},{""rank"":3,""cell"":""g13905:18236"",""probability"":0.2,""latitude"":49.055000000000014,""longitude"":2.3650000000000135},{""rank"":4,""cell"":""g13905:18237"",""probability"":0.10833333333333334,""latitude"":49.055000000000014,""longitude"":2.3750000000000044},{""rank"":5,""cell"":""g13896:18232"",""probability"":0.075,""latitude"":48.96500000000001,""longitude"":2.324999999999993}]",1.5640754907919658
VIN007_20260213T190000Z_0005@0.000,VIN007,vehicle-97ca60890b,VIN007_20260213T190000Z_0005,test,0.0,49.022,2.356,49.036,2.364,g13903:18236,49.04427500000001,2.3679249999999987,g13906:18238,0.4083333333333333,,"[{""rank"":1,""cell"":""g13906:18238"",""probability"":0.4083333333333333,""latitude"":49.065000000000005,""longitude"":2.3849999999999953},{""rank"":2,""cell"":""g13905:18236"",""probability"":0.20833333333333334,""latitude"":49.055000000000014,""longitude"":2.3650000000000135},{""rank"":3,""cell"":""g13905:18238"",""probability"":0.16666666666666666,""latitude"":49.055000000000014,""longitude"":2.3849999999999953},{""rank"":4,""cell"":""g13905:18237"",""probability"":0.125,""latitude"":49.055000000000014,""longitude"":2.3750000000000044},{""rank"":5,""cell"":""g13897:18232"",""probability"":0.058333333333333334,""latitude"":48.975,""longitude"":2.324999999999993}]",0.963592000305864
VIN007_20260213T190000Z_0005@0.250,VIN007,vehicle-97ca60890b,VIN007_20260213T190000Z_0005,test,0.25,49.022,2.356,49.036,2.364,g13903:18236,49.046300000000016,2.3688999999999982,g13906:18238,0.4666666666666667,,"[{""rank"":1,""cell"":""g13906:18238"",""probability"":0.4666666666666667,""latitude"":49.065000000000005,""longitude"":2.3849999999999953},{""rank"":2,""cell"":""g13905:18236"",""probability"":0.21666666666666667,""latitude"":49.055000000000014,""longitude"":2.3650000000000135},{""rank"":3,""cell"":""g13905:18238"",""probability"":0.14166666666666666,""latitude"":49.055000000000014,""longitude"":2.3849999999999953},{""rank"":4,""cell"":""g13905:18237"",""probability"":0.125,""latitude"":49.055000000000014,""longitude"":2.3750000000000044},{""rank"":5,""cell"":""g13897:18232"",""probability"":0.05,""latitude"":48.975,""longitude"":2.324999999999993}]",1.1997075861448483
VIN007_20260213T190000Z_0005@0.500,VIN007,vehicle-97ca60890b,VIN007_20260213T190000Z_0005,test,0.5,49.022,2.356,49.036,2.364,g13903:18236,49.04703333333336,2.369383333333332,g13906:18238,0.475,,"[{""rank"":1,""cell"":""g13906:18238"",""probability"":0.475,""latitude"":49.065000000000005,""longitude"":2.3849999999999953},{""rank"":2,""cell"":""g13905:18236"",""probability"":0.21666666666666667,""latitude"":49.055000000000014,""longitude"":2.3650000000000135},{""rank"":3,""cell"":""g13905:18238"",""probability"":0.13333333333333333,""latitude"":49.055000000000014,""longitude"":2.3849999999999953},{""rank"":4,""cell"":""g13905:18237"",""probability"":0.11666666666666667,""latitude"":49.055000000000014,""longitude"":2.3750000000000044},{""rank"":5,""cell"":""g13897:18232"",""probability"":0.058333333333333334,""latitude"":48.975,""longitude"":2.324999999999993}]",1.2880746753441275
VIN008_20260213T070000Z_0001@0.000,VIN008,vehicle-00a1bbd1b3,VIN008_20260213T070000Z_0001,train,0.0,49.04,2.36,49.05,2.368,g13905:18236,49.050000000000104,2.3679999999999963,g13905:18236,0.8666666666666667,1.0,"[{""rank"":1,""cell"":""g13905:18236"",""probability"":0.8666666666666667,""latitude"":49.055000000000014,""longitude"":2.3650000000000135},{""rank"":2,""cell"":""g13911:18240"",""probability"":0.06666666666666667,""latitude"":49.115000000000016,""longitude"":2.4050000000000056},{""rank"":3,""cell"":""g13905:18237"",""probability"":0.025,""latitude"":49.055000000000014,""longitude"":2.3750000000000044},{""rank"":4,""cell"":""g13896:18230"",""probability"":0.016666666666666666,""latitude"":48.96500000000001,""longitude"":2.3050000000000113},{""rank"":5,""cell"":""g13917:18244"",""probability"":0.008333333333333333,""latitude"":49.17500000000002,""longitude"":2.4449999999999976}]",1.1854156323257403e-11
VIN008_20260213T070000Z_0001@0.250,VIN008,vehicle-00a1bbd1b3,VIN008_20260213T070000Z_0001,train,0.25,49.04,2.36,49.05,2.368,g13905:18236,49.050000000000104,2.3679999999999963,g13905:18236,0.8833333333333333,1.0,"[{""rank"":1,""cell"":""g13905:18236"",""probability"":0.8833333333333333,""latitude"":49.055000000000014,""longitude"":2.3650000000000135},{""rank"":2,""cell"":""g13911:18240"",""probability"":0.08333333333333333,""latitude"":49.115000000000016,""longitude"":2.4050000000000056},{""rank"":3,""cell"":""g13905:18237"",""probability"":0.016666666666666666,""latitude"":49.055000000000014,""longitude"":2.3750000000000044},{""rank"":4,""cell"":""g13917:18244"",""probability"":0.008333333333333333,""latitude"":49.17500000000002,""longitude"":2.4449999999999976},{""rank"":5,""cell"":""g13906:18238"",""probability"":0.008333333333333333,""latitude"":49.065000000000005,""longitude"":2.3849999999999953}]",1.1854156323257403e-11
VIN008_20260213T070000Z_0001@0.500,VIN008,vehicle-00a1bbd1b3,VIN008_20260213T070000Z_0001,train,0.5,49.04,2.36,49.05,2.368,g13905:18236,49.050000000000104,2.3679999999999963,g13905:18236,0.875,1.0,"[{""rank"":1,""cell"":""g13905:18236"",""probability"":0.875,""latitude"":49.055000000000014,""longitude"":2.3650000000000135},{""rank"":2,""cell"":""g13911:18240"",""probability"":0.06666666666666667,""latitude"":49.115000000000016,""longitude"":2.4050000000000056},{""rank"":3,""cell"":""g13905:18237"",""probability"":0.03333333333333333,""latitude"":49.055000000000014,""longitude"":2.3750000000000044},{""rank"":4,""cell"":""g13917:18244"",""probability"":0.008333333333333333,""latitude"":49.17500000000002,""longitude"":2.4449999999999976},{""rank"":5,""cell"":""g13913:18242"",""probability"":0.008333333333333333,""latitude"":49.135,""longitude"":2.425000000000016}]",1.1854156323257403e-11
VIN008_20260213T100000Z_0002@0.000,VIN008,vehicle-00a1bbd1b3,VIN008_20260213T100000Z_0002,train,0.0,49.043,2.364,49.057,2.375,g13905:18237,49.05699999999987,2.375,g13905:18237,0.85,1.0,"[{""rank"":1,""cell"":""g13905:18237"",""probability"":0.85,""latitude"":49.055000000000014,""longitude"":2.3750000000000044},{""rank"":2,""cell"":""g13911:18241"",""probability"":0.06666666666666667,""latitude"":49.115000000000016,""longitude"":2.4149999999999965},{""rank"":3,""cell"":""g13906:18238"",""probability"":0.03333333333333333,""latitude"":49.065000000000005,""longitude"":2.3849999999999953},{""rank"":4,""cell"":""g13914:18243"",""probability"":0.025,""latitude"":49.14500000000002,""longitude"":2.4350000000000067},{""rank"":5,""cell"":""g13905:18236"",""probability"":0.025,""latitude"":49.055000000000014,""longitude"":2.3650000000000135}]",1.501168273731768e-11
VIN008_20260213T100000Z_0002@0.250,VIN008,vehicle-00a1bbd1b3,VIN008_20260213T100000Z_0002,train,0.25,49.043,2.364,49.057,2.375,g13905:18237,49.05699999999987,2.375,g13905:18237,0.9,1.0,"[{""rank"":1,""cell"":""g13905:18237"",""probability"":0.9,""latitude"":49.055000000000014,""longitude"":2.3750000000000044},{""rank"":2,""cell"":""g13911:18241"",""probability"":0.041666666666666664,""latitude"":49.115000000000016,""longitude"":2.4149999999999965},{""rank"":3,""cell"":""g13906:18238"",""probability"":0.025,""latitude"":49.065000000000005,""longitude"":2.3849999999999953},{""rank"":4,""cell"":""g13896:18231"",""probability"":0.016666666666666666,""latitude"":48.96500000000001,""longitude"":2.315000000000002},{""rank"":5,""cell"":""g13914:18243"",""probability"":0.008333333333333333,""latitude"":49.14500000000002,""longitude"":2.4350000000000067}]",1.501168273731768e-11
VIN008_20260213T100000Z_0002@0.500,VIN008,vehicle-00a1bbd1b3,VIN008_20260213T100000Z_0002,train,0.5,49.043,2.364,49.057,2.375,g13905:18237,49.05699999999987,2.375,g13905:18237,0.8666666666666667,1.0,"[{""rank"":1,""cell"":""g13905:18237"",""probability"":0.8666666666666667,""latitude"":49.055000000000014,""longitude"":2.3750000000000044},{""rank"":2,""cell"":""g13911:18241"",""probability"":0.05,""latitude"":49.115000000000016,""longitude"":2.4149999999999965},{""rank"":3,""cell"":""g13906:18238"",""probability"":0.05,""latitude"":49.065000000000005,""longitude"":2.3849999999999953},{""rank"":4,""cell"":""g13911:18240"",""probability"":0.008333333333333333,""latitude"":49.115000000000016,""longitude"":2.4050000000000056},{""rank"":5,""cell"":""g13905:18236"",""probability"":0.008333333333333333,""latitude"":49.055000000000014,""longitude"":2.3650000000000135}]",1.501168273731768e-11
VIN008_20260213T130000Z_0003@0.000,VIN008,vehicle-00a1bbd1b3,VIN008_20260213T130000Z_0003,train,0.0,49.046,2.368,49.064,2.382,g13906:18238,49.06400000000006,2.3820000000000037,g13906:18238,0.8,1.0,"[{""rank"":1,""cell"":""g13906:18238"",""probability"":0.8,""latitude"":49.065000000000005,""longitude"":2.3849999999999953},{""rank"":2,""cell"":""g13905:18238"",""probability"":0.09166666666666666,""latitude"":49.055000000000014,""longitude"":2.3849999999999953},{""rank"":3,""cell"":""g13905:18237"",""probability"":0.06666666666666667,""latitude"":49.055000000000014,""longitude"":2.3750000000000044},{""rank"":4,""cell"":""g13897:18232"",""probability"":0.025,""latitude"":48.975,""longitude"":2.324999999999993},{""rank"":5,""cell"":""g13912:18242"",""probability"":0.008333333333333333,""latitude"":49.12500000000001,""longitude"":2.425000000000016}]",6.3260061592394425e-12
VIN008_20260213T130000Z_0003@0.250,VIN008,vehicle-00a1bbd1b3,VIN008_20260213T130000Z_0003,train,0.25,49.046,2.368,49.064,2.382,g13906:18238,49.06400000000006,2.3820000000000037,g13906:18238,0.8416666666666667,1.0,"[{""rank"":1,""cell"":""g13906:18238"",""probability"":0.8416666666666667,""latitude"":49.065000000000005,""longitude"":2.3849999999999953},{""rank"":2,""cell"":""g13905:18238"",""probability"":0.11666666666666667,""latitude"":49.055000000000014,""longitude"":2.3849999999999953},{""rank"":3,""cell"":""g13897:18232"",""probability"":0.016666666666666666,""latitude"":48.975,""longitude"":2.324999999999993},{""rank"":4,""cell"":""g13912:18242"",""probability"":0.016666666666666666,""latitude"":49.12500000000001,""longitude"":2.425000000000016},{""rank"":5,""cell"":""g13905:18237"",""probability"":0.008333333333333333,""latitude"":49.055000000000014,""longitude"":2.3750000000000044}]",6.3260061592394425e-12
VIN008_20260213T130000Z_0003@0.500,VIN008,vehicle-00a1bbd1b3,VIN008_20260213T130000Z_0003,train,0.5,49.046,2.368,49.064,2.382,g13906:18238,49.06400000000006,2.3820000000000037,g13906:18238,0.8583333333333333,1.0,"[{""rank"":1,""cell"":""g13906:18238"",""probability"":0.8583333333333333,""latitude"":49.065000000000005,""longitude"":2.3849999999999953},{""rank"":2,""cell"":""g13905:18238"",""probability"":0.06666666666666667,""latitude"":49.055000000000014,""longitude"":2.3849999999999953},{""rank"":3,""cell"":""g13912:18242"",""probability"":0.03333333333333333,""latitude"":49.12500000000001,""longitude"":2.425000000000016},{""rank"":4,""cell"":""g13905:18237"",""probability"":0.016666666666666666,""latitude"":49.055000000000014,""longitude"":2.3750000000000044},{""rank"":5,""cell"":""g13915:18244"",""probability"":0.008333333333333333,""latitude"":49.15500000000001,""longitude"":2.4449999999999976}]",6.3260061592394425e-12
VIN008_20260213T160000Z_0004@0.000,VIN008,vehicle-00a1bbd1b3,VIN008_20260213T160000Z_0004,train,0.0,49.049,2.372,49.059,2.389,g13905:18238,49.05900000000012,2.3890000000000047,g13905:18238,0.8416666666666667,1.0,"[{""rank"":1,""cell"":""g13905:18238"",""probability"":0.8416666666666667,""latitude"":49.055000000000014,""longitude"":2.3849999999999953},{""rank"":2,""cell"":""g13906:18238"",""probability"":0.15,""latitude"":49.065000000000005,""longitude"":2.3849999999999953},{""rank"":3,""cell"":""g13911:18242"",""probability"":0.008333333333333333,""latitude"":49.115000000000016,""longitude"":2.425000000000016},{""rank"":4,""cell"":""g13921:18248"",""probability"":0.0,""latitude"":49.21500000000001,""longitude"":2.4849999999999897},{""rank"":5,""cell"":""g13918:18246"",""probability"":0.0,""latitude"":49.18500000000001,""longitude"":2.465000000000008}]",1.343622104336587e-11
VIN008_20260213T160000Z_0004@0.250,VIN008,vehicle-00a1bbd1b3,VIN008_20260213T160000Z_0004,train,0.25,49.049,2.372,49.059,2.389,g13905:18238,49.05900000000012,2.3890000000000047,g13905:18238,0.8333333333333334,1.0,"[{""rank"":1,""cell"":""g13905:18238"",""probability"":0.8333333333333334,""latitude"":49.055000000000014,""longitude"":2.3849999999999953},{""rank"":2,""cell"":""g13906:18238"",""probability"":0.14166666666666666,""latitude"":49.065000000000005,""longitude"":2.3849999999999953},{""rank"":3,""cell"":""g13896:18232"",""probability"":0.008333333333333333,""latitude"":48.96500000000001,""longitude"":2.324999999999993},{""rank"":4,""cell"":""g13911:18242"",""probability"":0.008333333333333333,""latitude"":49.115000000000016,""longitude"":2.425000000000016},{""rank"":5,""cell"":""g13887:18226"",""probability"":0.008333333333333333,""latitude"":48.87500000000001,""longitude"":2.264999999999991}]",1.343622104336587e-11
VIN008_20260213T160000Z_0004@0.500,VIN008,vehicle-00a1bbd1b3,VIN008_20260213T160000Z_0004,train,0.5,49.049,2.372,49.059,2.389,g13905:18238,49.05900000000012,2.3890000000000047,g13905:18238,0.8083333333333333,1.0,"[{""rank"":1,""cell"":""g13905:18238"",""probability"":0.8083333333333333,""latitude"":49.055000000000014,""longitude"":2.3849999999999953},{""rank"":2,""cell"":""g13906:18238"",""probability"":0.14166666666666666,""latitude"":49.065000000000005,""longitude"":2.3849999999999953},{""rank"":3,""cell"":""g13896:18232"",""probability"":0.016666666666666666,""latitude"":48.96500000000001,""longitude"":2.324999999999993},{""rank"":4,""cell"":""g13911:18242"",""probability"":0.016666666666666666,""latitude"":49.115000000000016,""longitude"":2.425000000000016},{""rank"":5,""cell"":""g13905:18236"",""probability"":0.008333333333333333,""latitude"":49.055000000000014,""longitude"":2.3650000000000135}]",1.343622104336587e-11
VIN008_20260213T190000Z_0005@0.000,VIN008,vehicle-00a1bbd1b3,VIN008_20260213T190000Z_0005,train,0.0,49.052,2.376,49.066,2.384,g13906:18238,49.06599999999988,2.383999999999995,g13906:18238,0.85,1.0,"[{""rank"":1,""cell"":""g13906:18238"",""probability"":0.85,""latitude"":49.065000000000005,""longitude"":2.3849999999999953},{""rank"":2,""cell"":""g13905:18238"",""probability"":0.1,""latitude"":49.055000000000014,""longitude"":2.3849999999999953},{""rank"":3,""cell"":""g13912:18242"",""probability"":0.041666666666666664,""latitude"":49.12500000000001,""longitude"":2.425000000000016},{""rank"":4,""cell"":""g13896:18232"",""probability"":0.008333333333333333,""latitude"":48.96500000000001,""longitude"":2.324999999999993},{""rank"":5,""cell"":""g13921:18248"",""probability"":0.0,""latitude"":49.21500000000001,""longitude"":2.4849999999999897}]",1.3436219715409484e-11
VIN008_20260213T190000Z_0005@0.250,VIN008,vehicle-00a1bbd1b3,VIN008_20260213T190000Z_0005,train,0.25,49.052,2.376,49.066,2.384,g13906:18238,49.06599999999988,2.383999999999995,g13906:18238,0.95,1.0,"[{""rank"":1,""cell"":""g13906:18238"",""probability"":0.95,""latitude"":49.065000000000005,""longitude"":2.3849999999999953},{""rank"":2,""cell"":""g13905:18238"",""probability"":0.041666666666666664,""latitude"":49.055000000000014,""longitude"":2.3849999999999953},{""rank"":3,""cell"":""g13912:18242"",""probability"":0.008333333333333333,""latitude"":49.12500000000001,""longitude"":2.425000000000016},{""rank"":4,""cell"":""g13921:18248"",""probability"":0.0,""latitude"":49.21500000000001,""longitude"":2.4849999999999897},{""rank"":5,""cell"":""g13918:18246"",""probability"":0.0,""latitude"":49.18500000000001,""longitude"":2.465000000000008}]",1.3436219715409484e-11
VIN008_20260213T190000Z_0005@0.500,VIN008,vehicle-00a1bbd1b3,VIN008_20260213T190000Z_0005,train,0.5,49.052,2.376,49.066,2.384,g13906:18238,49.06599999999988,2.383999999999995,g13906:18238,0.95,1.0,"[{""rank"":1,""cell"":""g13906:18238"",""probability"":0.95,""latitude"":49.065000000000005,""longitude"":2.3849999999999953},{""rank"":2,""cell"":""g13905:18238"",""probability"":0.03333333333333333,""latitude"":49.055000000000014,""longitude"":2.3849999999999953},{""rank"":3,""cell"":""g13897:18232"",""probability"":0.008333333333333333,""latitude"":48.975,""longitude"":2.324999999999993},{""rank"":4,""cell"":""g13912:18242"",""probability"":0.008333333333333333,""latitude"":49.12500000000001,""longitude"":2.425000000000016},{""rank"":5,""cell"":""g13921:18248"",""probability"":0.0,""latitude"":49.21500000000001,""longitude"":2.4849999999999897}]",1.3436219715409484e-11
VIN009_20260213T070000Z_0001@0.000,VIN009,vehicle-45b5e0ea5c,VIN009_20260213T070000Z_0001,validation,0.0,49.07,2.38,49.08,2.388,g13907:18238,49.07175833333334,2.389858333333334,g13905:18236,0.35833333333333334,,"[{""rank"":1,""cell"":""g13905:18236"",""probability"":0.35833333333333334,""latitude"":49.055000000000014,""longitude"":2.3650000000000135},{""rank"":2,""cell"":""g13911:18240"",""probability"":0.35833333333333334,""latitude"":49.115000000000016,""longitude"":2.4050000000000056},{""rank"":3,""cell"":""g13905:18238"",""probability"":0.09166666666666666,""latitude"":49.055000000000014,""longitude"":2.3849999999999953},{""rank"":4,""cell"":""g13906:18238"",""probability"":0.09166666666666666,""latitude"":49.065000000000005,""longitude"":2.3849999999999953},{""rank"":5,""cell"":""g13905:18237"",""probability"":0.06666666666666667,""latitude"":49.055000000000014,""longitude"":2.3750000000000044}]",0.9263753648968879
VIN009_20260213T070000Z_0001@0.250,VIN009,vehicle-45b5e0ea5c,VIN009_20260213T070000Z_0001,validation,0.25,49.07,2.38,49.08,2.388,g13907:18238,49.07175833333334,2.389858333333334,g13911:18240,0.36666666666666664,,"[{""rank"":1,""cell"":""g13911:18240"",""probability"":0.36666666666666664,""latitude"":49.115000000000016,""longitude"":2.4050000000000056},{""rank"":2,""cell"":""g13905:18236"",""probability"":0.35833333333333334,""latitude"":49.055000000000014,""longitude"":2.3650000000000135},{""rank"":3,""cell"":""g13906:18238"",""probability"":0.1,""latitude"":49.065000000000005,""longitude"":2.3849999999999953},{""rank"":4,""cell"":""g13905:18238"",""probability"":0.08333333333333333,""latitude"":49.055000000000014,""longitude"":2.3849999999999953},{""rank"":5,""cell"":""g13905:18237"",""probability"":0.06666666666666667,""latitude"":49.055000000000014,""longitude"":2.3750000000000044}]",0.9263753648968879
VIN009_20260213T070000Z_0001@0.500,VIN009,vehicle-45b5e0ea5c,VIN009_20260213T070000Z_0001,validation,0.5,49.07,2.38,49.08,2.388,g13907:18238,49.072183333333335,2.390016666666667,g13911:18240,0.425,,"[{""rank"":1,""cell"":""g13911:18240"",""probability"":0.425,""latitude"":49.115000000000016,""longitude"":2.4050000000000056},{""rank"":2,""cell"":""g13905:18236"",""probability"":0.3,""latitude"":49.055000000000014,""longitude"":2.3650000000000135},{""rank"":3,""cell"":""g13906:18238"",""probability"":0.1,""latitude"":49.065000000000005,""longitude"":2.3849999999999953},{""rank"":4,""cell"":""g13905:18238"",""probability"":0.075,""latitude"":49.055000000000014,""longitude"":2.3849999999999953},{""rank"":5,""cell"":""g13905:18237"",""probability"":0.06666666666666667,""latitude"":49.055000000000014,""longitude"":2.3750000000000044}]",0.8814999913686784
VIN009_20260213T100000Z_0002@0.000,VIN009,vehicle-45b5e0ea5c,VIN009_20260213T100000Z_0002,validation,0.0,49.073,2.384,49.087,2.395,g13908:18239,49.08135833333333,2.3949249999999997,g13911:18241,0.3,,"[{""rank"":1,""cell"":""g13911:18241"",""probability"":0.3,""latitude"":49.115000000000016,""longitude"":2.4149999999999965},{""rank"":2,""cell"":""g13905:18237"",""probability"":0.25833333333333336,""latitude"":49.055000000000014,""longitude"":2.3750000000000044},{""rank"":3,""cell"":""g13905:18238"",""probability"":0.13333333333333333,""latitude"":49.055000000000014,""longitude"":2.3849999999999953},{""rank"":4,""cell"":""g13906:18238"",""probability"":0.13333333333333333,""latitude"":49.065000000000005,""longitude"":2.3849999999999953},{""rank"":5,""cell"":""g13911:18240"",""probability"":0.11666666666666667,""latitude"":49.115000000000016,""longitude"":2.4050000000000056}]",0.6273493558027478
VIN009_20260213T100000Z_0002@0.250,VIN009,vehicle-45b5e0ea5c,VIN009_20260213T100000Z_0002,validation,0.25,49.073,2.384,49.087,2.395,g13908:18239,49.08185833333333,2.395258333333333,g13911:18241,0.38333333333333336,,"[{""rank"":1,""cell"":""g13911:18241"",""probability"":0.38333333333333336,""latitude"":49.115000000000016,""longitude"":2.4149999999999965},{""rank"":2,""cell"":""g13905:18237"",""probability"":0.26666666666666666,""latitude"":49.055000000000014,""longitude"":2.3750000000000044},{""rank"":3,""cell"":""g13906:18238"",""probability"":0.11666666666666667,""latitude"":49.065000000000005,""longitude"":2.3849999999999953},{""rank"":4,""cell"":""g13911:18240"",""probability"":0.10833333333333334,""latitude"":49.115000000000016,""longitude"":2.4050000000000056},{""rank"":5,""cell"":""g13905:18238"",""probability"":0.1,""latitude"":49.055000000000014,""longitude"":2.3849999999999953}]",0.5720374987945136
VIN009_20260213T100000Z_0002@0.500,VIN009,vehicle-45b5e0ea5c,VIN009_20260213T100000Z_0002,validation,0.5,49.073,2.384,49.087,2.395,g13908:18239,49.08228333333333,2.3954166666666667,g13911:18241,0.425,,"[{""rank"":1,""cell"":""g13911:18241"",""probability"":0.425,""latitude"":49.115000000000016,""longitude"":2.4149999999999965},{""rank"":2,""cell"":""g13905:18237"",""probability"":0.20833333333333334,""latitude"":49.055000000000014,""longitude"":2.3750000000000044},{""rank"":3,""cell"":""g13906:18238"",""probability"":0.13333333333333333,""latitude"":49.065000000000005,""longitude"":2.3849999999999953},{""rank"":4,""cell"":""g13911:18240"",""probability"":0.10833333333333334,""latitude"":49.115000000000016,""longitude"":2.4050000000000056},{""rank"":5,""cell"":""g13905:18238"",""probability"":0.10833333333333334,""latitude"":49.055000000000014,""longitude"":2.3849999999999953}]",0.5253472149961248
VIN009_20260213T130000Z_0003@0.000,VIN009,vehicle-45b5e0ea5c,VIN009_20260213T130000Z_0003,validation,0.0,49.076,2.388,49.094,2.402,g13909:18240,49.08963333333332,2.4007999999999994,g13906:18238,0.49166666666666664,,"[{""rank"":1,""cell"":""g13906:18238"",""probability"":0.49166666666666664,""latitude"":49.065000000000005,""longitude"":2.3849999999999953},{""rank"":2,""cell"":""g13905:18238"",""probability"":0.26666666666666666,""latitude"":49.055000000000014,""longitude"":2.3849999999999953},{""rank"":3,""cell"":""g13911:18240"",""probability"":0.10833333333333334,""latitude"":49.115000000000016,""longitude"":2.4050000000000056},{""rank"":4,""cell"":""g13911:18241"",""probability"":0.058333333333333334,""latitude"":49.115000000000016,""longitude"":2.4149999999999965},{""rank"":5,""cell"":""g13912:18242"",""probability"":0.041666666666666664,""latitude"":49.12500000000001,""longitude"":2.425000000000016}]",0.49335151334150396
VIN009_20260213T130000Z_0003@0.250,VIN009,vehicle-45b5e0ea5c,VIN009_20260213T130000Z_0003,validation,0.25,49.076,2.388,49.094,2.402,g13909:18240,49.09059999999999,2.401233333333333,g13906:18238,0.5166666666666667,,"[{""rank"":1,""cell"":""g13906:18238"",""probability"":0.5166666666666667,""latitude"":49.065000000000005,""longitude"":2.3849999999999953},{""rank"":2,""cell"":""g13905:18238"",""probability"":0.2,""latitude"":49.055000000000014,""longitude"":2.3849999999999953},{""rank"":3,""cell"":""g13912:18242"",""probability"":0.1,""latitude"":49.12500000000001,""longitude"":2.425000000000016},{""rank"":4,""cell"":""g13911:18240"",""probability"":0.1,""latitude"":49.115000000000016,""longitude"":2.4050000000000056},{""rank"":5,""cell"":""g13911:18241"",""probability"":0.06666666666666667,""latitude"":49.115000000000016,""longitude"":2.4149999999999965}]",0.382162624809749
VIN009_20260213T130000Z_0003@0.500,VIN009,vehicle-45b5e0ea5c,VIN009_20260213T130000Z_0003,validation,0.5,49.076,2.388,49.094,2.402,g13909:18240,49.09059999999999,2.401233333333333,g13906:18238,0.4666666666666667,,"[{""rank"":1,""cell"":""g13906:18238"",""probability"":0.4666666666666667,""latitude"":49.065000000000005,""longitude"":2.3849999999999953},{""rank"":2,""cell"":""g13905:18238"",""probability"":0.18333333333333332,""latitude"":49.055000000000014,""longitude"":2.3849999999999953},{""rank"":3,""cell"":""g13912:18242"",""probability"":0.15833333333333333,""latitude"":49.12500000000001,""longitude"":2.425000000000016},{""rank"":4,""cell"":""g13911:18240"",""probability"":0.09166666666666666,""latitude"":49.115000000000016,""longitude"":2.4050000000000056},{""rank"":5,""cell"":""g13911:18241"",""probability"":0.058333333333333334,""latitude"":49.115000000000016,""longitude"":2.4149999999999965}]",0.382162624809749
VIN009_20260213T160000Z_0004@0.000,VIN009,vehicle-45b5e0ea5c,VIN009_20260213T160000Z_0004,validation,0.0,49.079,2.392,49.089,2.409,g13908:18240,49.09921666666663,2.405316666666665,g13906:18238,0.3,,"[{""rank"":1,""cell"":""g13906:18238"",""probability"":0.3,""latitude"":49.065000000000005,""longitude"":2.3849999999999953},{""rank"":2,""cell"":""g13905:18238"",""probability"":0.2,""latitude"":49.055000000000014,""longitude"":2.3849999999999953},{""rank"":3,""cell"":""g13911:18240"",""probability"":0.15,""latitude"":49.115000000000016,""longitude"":2.4050000000000056},{""rank"":4,""cell"":""g13911:18241"",""probability"":0.125,""latitude"":49.115000000000016,""longitude"":2.4149999999999965},{""rank"":5,""cell"":""g13912:18242"",""probability"":0.11666666666666667,""latitude"":49.12500000000001,""longitude"":2.425000000000016}]",1.1672709113560373
VIN009_20260213T160000Z_0004@0.250,VIN009,vehicle-45b5e0ea5c,VIN009_20260213T160000Z_0004,validation,0.25,49.079,2.392,49.089,2.409,g13908:18240,49.09921666666663,2.405316666666665,g13906:18238,0.2916666666666667,,"[{""rank"":1,""cell"":""g13906:18238"",""probability"":0.2916666666666667,""latitude"":49.065000000000005,""longitude"":2.3849999999999953},{""rank"":2,""cell"":""g13905:18238"",""probability"":0.19166666666666668,""latitude"":49.055000000000014,""longitude"":2.3849999999999953},{""rank"":3,""cell"":""g13911:18240"",""probability"":0.14166666666666666,""latitude"":49.115000000000016,""longitude"":2.4050000000000056},{""rank"":4,""cell"":""g13911:18242"",""probability"":0.125,""latitude"":49.115000000000016,""longitude"":2.425000000000016},{""rank"":5,""cell"":""g13912:18242"",""probability"":0.11666666666666667,""latitude"":49.12500000000001,""longitude"":2.425000000000016}]",1.1672709113560373
VIN009_20260213T160000Z_0004@0.500,VIN009,vehicle-45b5e0ea5c,VIN009_20260213T160000Z_0004,validation,0.5,49.079,2.392,49.089,2.409,g13908:18240,49.101091666666626,2.4062249999999983,g13905:18238,0.2916666666666667,,"[{""rank"":1,""cell"":""g13905:18238"",""probability"":0.2916666666666667,""latitude"":49.055000000000014,""longitude"":2.3849999999999953},{""rank"":2,""cell"":""g13906:18238"",""probability"":0.18333333333333332,""latitude"":49.065000000000005,""longitude"":2.3849999999999953},{""rank"":3,""cell"":""g13911:18242"",""probability"":0.15,""latitude"":49.115000000000016,""longitude"":2.425000000000016},{""rank"":4,""cell"":""g13912:18242"",""probability"":0.125,""latitude"":49.12500000000001,""longitude"":2.425000000000016},{""rank"":5,""cell"":""g13911:18241"",""probability"":0.125,""latitude"":49.115000000000016,""longitude"":2.4149999999999965}]",1.3596308051043482
VIN009_20260213T190000Z_0005@0.000,VIN009,vehicle-45b5e0ea5c,VIN009_20260213T190000Z_0005,validation,0.0,49.082,2.396,49.096,2.404,g13909:18240,49.1027083333333,2.4071083333333316,g13912:18242,0.4,,"[{""rank"":1,""cell"":""g13912:18242"",""probability"":0.4,""latitude"":49.12500000000001,""longitude"":2.425000000000016},{""rank"":2,""cell"":""g13911:18240"",""probability"":0.16666666666666666,""latitude"":49.115000000000016,""longitude"":2.4050000000000056},{""rank"":3,""cell"":""g13911:18242"",""probability"":0.15833333333333333,""latitude"":49.115000000000016,""longitude"":2.425000000000016},{""rank"":4,""cell"":""g13911:18241"",""probability"":0.125,""latitude"":49.115000000000016,""longitude"":2.4149999999999965},{""rank"":5,""cell"":""g13906:18238"",""probability"":0.125,""latitude"":49.065000000000005,""longitude"":2.3849999999999953}]",0.7795059878142324
VIN009_20260213T190000Z_0005@0.250,VIN009,vehicle-45b5e0ea5c,VIN009_20260213T190000Z_0005,validation,0.25,49.082,2.396,49.096,2.404,g13909:18240,49.10409999999995,2.407699999999998,g13912:18242,0.425,,"[{""rank"":1,""cell"":""g13912:18242"",""probability"":0.425,""latitude"":49.12500000000001,""longitude"":2.425000000000016},{""rank"":2,""cell"":""g13911:18240"",""probability"":0.15,""latitude"":49.115000000000016,""longitude"":2.4050000000000056},{""rank"":3,""cell"":""g13911:18242"",""probability"":0.13333333333333333,""latitude"":49.115000000000016,""longitude"":2.425000000000016},{""rank"":4,""cell"":""g13911:18241"",""probability"":0.13333333333333333,""latitude"":49.115000000000016,""longitude"":2.4149999999999965},{""rank"":5,""cell"":""g13906:18238"",""probability"":0.125,""latitude"":49.065000000000005,""longitude"":2.3849999999999953}]",0.9400996135317102
VIN009_20260213T190000Z_0005@0.500,VIN009,vehicle-45b5e0ea5c,VIN009_20260213T190000Z_0005,validation,0.5,49.082,2.396,49.096,2.404,g13909:18240,49.10537499999996,2.408374999999998,g13912:18242,0.43333333333333335,,"[{""rank"":1,""cell"":""g13912:18242"",""probability"":0.43333333333333335,""latitude"":49.12500000000001,""longitude"":2.425000000000016},{""rank"":2,""cell"":""g13911:18240"",""probability"":0.14166666666666666,""latitude"":49.115000000000016,""longitude"":2.4050000000000056},{""rank"":3,""cell"":""g13911:18242"",""probability"":0.13333333333333333,""latitude"":49.115000000000016,""longitude"":2.425000000000016},{""rank"":4,""cell"":""g13911:18241"",""probability"":0.13333333333333333,""latitude"":49.115000000000016,""longitude"":2.4149999999999965},{""rank"":5,""cell"":""g13906:18238"",""probability"":0.11666666666666667,""latitude"":49.065000000000005,""longitude"":2.3849999999999953}]",1.0900277762710944
VIN010_20260213T070000Z_0001@0.000,VIN010,vehicle-b0944389b9,VIN010_20260213T070000Z_0001,train,0.0,49.1,2.4,49.11,2.408,g13911:18240,49.10999999999993,2.4079999999999964,g13911:18240,0.9,1.0,"[{""rank"":1,""cell"":""g13911:18240"",""probability"":0.9,""latitude"":49.115000000000016,""longitude"":2.4050000000000056},{""rank"":2,""cell"":""g13913:18242"",""probability"":0.06666666666666667,""latitude"":49.135,""longitude"":2.425000000000016},{""rank"":3,""cell"":""g13911:18241"",""probability"":0.016666666666666666,""latitude"":49.115000000000016,""longitude"":2.4149999999999965},{""rank"":4,""cell"":""g13917:18244"",""probability"":0.008333333333333333,""latitude"":49.17500000000002,""longitude"":2.4449999999999976},{""rank"":5,""cell"":""g13911:18242"",""probability"":0.008333333333333333,""latitude"":49.115000000000016,""longitude"":2.425000000000016}]",7.905116556582e-12
VIN010_20260213T070000Z_0001@0.250,VIN010,vehicle-b0944389b9,VIN010_20260213T070000Z_0001,train,0.25,49.1,2.4,49.11,2.408,g13911:18240,49.10999999999993,2.4079999999999964,g13911:18240,0.9,1.0,"[{""rank"":1,""cell"":""g13911:18240"",""probability"":0.9,""latitude"":49.115000000000016,""longitude"":2.4050000000000056},{""rank"":2,""cell"":""g13913:18242"",""probability"":0.06666666666666667,""latitude"":49.135,""longitude"":2.425000000000016},{""rank"":3,""cell"":""g13911:18241"",""probability"":0.016666666666666666,""latitude"":49.115000000000016,""longitude"":2.4149999999999965},{""rank"":4,""cell"":""g13917:18244"",""probability"":0.008333333333333333,""latitude"":49.17500000000002,""longitude"":2.4449999999999976},{""rank"":5,""cell"":""g13911:18242"",""probability"":0.008333333333333333,""latitude"":49.115000000000016,""longitude"":2.425000000000016}]",7.905116556582e-12
VIN010_20260213T070000Z_0001@0.500,VIN010,vehicle-b0944389b9,VIN010_20260213T070000Z_0001,train,0.5,49.1,2.4,49.11,2.408,g13911:18240,49.10999999999993,2.4079999999999964,g13911:18240,0.8916666666666667,1.0,"[{""rank"":1,""cell"":""g13911:18240"",""probability"":0.8916666666666667,""latitude"":49.115000000000016,""longitude"":2.4050000000000056},{""rank"":2,""cell"":""g13913:18242"",""probability"":0.05,""latitude"":49.135,""longitude"":2.425000000000016},{""rank"":3,""cell"":""g13917:18244"",""probability"":0.025,""latitude"":49.17500000000002,""longitude"":2.4449999999999976},{""rank"":4,""cell"":""g13911:18241"",""probability"":0.016666666666666666,""latitude"":49.115000000000016,""longitude"":2.4149999999999965},{""rank"":5,""cell"":""g13911:18242"",""probability"":0.008333333333333333,""latitude"":49.115000000000016,""longitude"":2.425000000000016}]",7.905116556582e-12
VIN010_20260213T100000Z_0002@0.000,VIN010,vehicle-b0944389b9,VIN010_20260213T100000Z_0002,train,0.0,49.103,2.404,49.117,2.415,g13911:18241,49.11700000000011,2.415,g13911:18241,0.8083333333333333,1.0,"[{""rank"":1,""cell"":""g13911:18241"",""probability"":0.8083333333333333,""latitude"":49.115000000000016,""longitude"":2.4149999999999965},{""rank"":2,""cell"":""g13914:18243"",""probability"":0.075,""latitude"":49.14500000000002,""longitude"":2.4350000000000067},{""rank"":3,""cell"":""g13912:18242"",""probability"":0.05,""latitude"":49.12500000000001,""longitude"":2.425000000000016},{""rank"":4,""cell"":""g13911:18240"",""probability"":0.03333333333333333,""latitude"":49.115000000000016,""longitude"":2.4050000000000056},{""rank"":5,""cell"":""g13905:18237"",""probability"":0.016666666666666666,""latitude"":49.055000000000014,""longitude"":2.3750000000000044}]",1.264141704195173e-11
VIN010_20260213T100000Z_0002@0.250,VIN010,vehicle-b0944389b9,VIN010_20260213T100000Z_0002,train,0.25,49.103,2.404,49.117,2.415,g13911:18241,49.11700000000011,2.415,g13911:18241,0.9416666666666667,1.0,"[{""rank"":1,""cell"":""g13911:18241"",""probability"":0.9416666666666667,""latitude"":49.115000000000016,""longitude"":2.4149999999999965},{""rank"":2,""cell"":""g13914:18243"",""probability"":0.025,""latitude"":49.14500000000002,""longitude"":2.4350000000000067},{""rank"":3,""cell"":""g13912:18242"",""probability"":0.016666666666666666,""latitude"":49.12500000000001,""longitude"":2.425000000000016},{""rank"":4,""cell"":""g13911:18240"",""probability"":0.008333333333333333,""latitude"":49.115000000000016,""longitude"":2.4050000000000056},{""rank"":5,""cell"":""g13905:18237"",""probability"":0.008333333333333333,""latitude"":49.055000000000014,""longitude"":2.3750000000000044}]",1.264141704195173e-11
VIN010_20260213T100000Z_0002@0.500,VIN010,vehicle-b0944389b9,VIN010_20260213T100000Z_0002,train,0.5,49.103,2.404,49.117,2.415,g13911:18241,49.11700000000011,2.415,g13911:18241,0.9416666666666667,1.0,"[{""rank"":1,""cell"":""g13911:18241"",""probability"":0.9416666666666667,""latitude"":49.115000000000016,""longitude"":2.4149999999999965},{""rank"":2,""cell"":""g13912:18242"",""probability"":0.025,""latitude"":49.12500000000001,""longitude"":2.425000000000016},{""rank"":3,""cell"":""g13914:18243"",""probability"":0.016666666666666666,""latitude"":49.14500000000002,""longitude"":2.4350000000000067},{""rank"":4,""cell"":""g13911:18240"",""probability"":0.008333333333333333,""latitude"":49.115000000000016,""longitude"":2.4050000000000056},{""rank"":5,""cell"":""g13905:18237"",""probability"":0.008333333333333333,""latitude"":49.055000000000014,""longitude"":2.3750000000000044}]",1.264141704195173e-11
VIN010_20260213T130000Z_0003@0.000,VIN010,vehicle-b0944389b9,VIN010_20260213T130000Z_0003,train,0.0,49.106,2.408,49.124,2.422,g13912:18242,49.123999999999874,2.422000000000001,g13912:18242,0.825,1.0,"[{""rank"":1,""cell"":""g13912:18242"",""probability"":0.825,""latitude"":49.12500000000001,""longitude"":2.425000000000016},{""rank"":2,""cell"":""g13911:18242"",""probability"":0.06666666666666667,""latitude"":49.115000000000016,""longitude"":2.425000000000016},{""rank"":3,""cell"":""g13911:18241"",""probability"":0.06666666666666667,""latitude"":49.115000000000016,""longitude"":2.4149999999999965},{""rank"":4,""cell"":""g13915:18244"",""probability"":0.025,""latitude"":49.15500000000001,""longitude"":2.4449999999999976},{""rank"":5,""cell"":""g13897:18232"",""probability"":0.008333333333333333,""latitude"":48.975,""longitude"":2.324999999999993}]",1.4221741034280118e-11
VIN010_20260213T130000Z_0003@0.250,VIN010,vehicle-b0944389b9,VIN010_20260213T130000Z_0003,train,0.25,49.106,2.408,49.124,2.422,g13912:18242,49.123999999999874,2.422000000000001,g13912:18242,0.8916666666666667,1.0,"[{""rank"":1,""cell"":""g13912:18242"",""probability"":0.8916666666666667,""latitude"":49.12500000000001,""longitude"":2.425000000000016},{""rank"":2,""cell"":""g13911:18242"",""probability"":0.05,""latitude"":49.115000000000016,""longitude"":2.425000000000016},{""rank"":3,""cell"":""g13911:18241"",""probability"":0.03333333333333333,""latitude"":49.115000000000016,""longitude"":2.4149999999999965},{""rank"":4,""cell"":""g13913:18242"",""probability"":0.008333333333333333,""latitude"":49.135,""longitude"":2.425000000000016},{""rank"":5,""cell"":""g13906:18238"",""probability"":0.008333333333333333,""latitude"":49.065000000000005,""longitude"":2.3849999999999953}]",1.4221741034280118e-11
VIN010_20260213T130000Z_0003@0.500,VIN010,vehicle-b0944389b9,VIN010_20260213T130000Z_0003,train,0.5,49.106,2.408,49.124,2.422,g13912:18242,49.123999999999874,2.422000000000001,g13912:18242,0.8416666666666667,1.0,"[{""rank"":1,""cell"":""g13912:18242"",""probability"":0.8416666666666667,""latitude"":49.12500000000001,""longitude"":2.425000000000016},{""rank"":2,""cell"":""g13911:18242"",""probability"":0.06666666666666667,""latitude"":49.115000000000016,""longitude"":2.425000000000016},{""rank"":3,""cell"":""g13911:18241"",""probability"":0.03333333333333333,""latitude"":49.115000000000016,""longitude"":2.4149999999999965},{""rank"":4,""cell"":""g13915:18244"",""probability"":0.025,""latitude"":49.15500000000001,""longitude"":2.4449999999999976},{""rank"":5,""cell"":""g13906:18238"",""probability"":0.016666666666666666,""latitude"":49.065000000000005,""longitude"":2.3849999999999953}]",1.4221741034280118e-11
VIN010_20260213T160000Z_0004@0.000,VIN010,vehicle-b0944389b9,VIN010_20260213T160000Z_0004,train,0.0,49.109,2.412,49.119,2.429,g13911:18242,49.11899999999994,2.428999999999998,g13911:18242,0.9333333333333333,1.0,"[{""rank"":1,""cell"":""g13911:18242"",""probability"":0.9333333333333333,""latitude"":49.115000000000016,""longitude"":2.425000000000016},{""rank"":2,""cell"":""g13912:18242"",""probability"":0.05,""latitude"":49.12500000000001,""longitude"":2.425000000000016},{""rank"":3,""cell"":""g13905:18238"",""probability"":0.008333333333333333,""latitude"":49.055000000000014,""longitude"":2.3849999999999953},{""rank"":4,""cell"":""g13914:18244"",""probability"":0.008333333333333333,""latitude"":49.14500000000002,""longitude"":2.4449999999999976},{""rank"":5,""cell"":""g13921:18248"",""probability"":0.0,""latitude"":49.21500000000001,""longitude"":2.4849999999999897}]",6.322030414878489e-12
VIN010_20260213T160000Z_0004@0.250,VIN010,vehicle-b0944389b9,VIN010_20260213T160000Z_0004,train,0.25,49.109,2.412,49.119,2.429,g13911:18242,49.11899999999994,2.428999999999998,g13911:18242,0.95,1.0,"[{""rank"":1,""cell"":""g13911:18242"",""probability"":0.95,""latitude"":49.115000000000016,""longitude"":2.425000000000016},{""rank"":2,""cell"":""g13912:18242"",""probability"":0.03333333333333333,""latitude"":49.12500000000001,""longitude"":2.425000000000016},{""rank"":3,""cell"":""g13905:18238"",""probability"":0.008333333333333333,""latitude"":49.055000000000014,""longitude"":2.3849999999999953},{""rank"":4,""cell"":""g13914:18244"",""probability"":0.008333333333333333,""latitude"":49.14500000000002,""longitude"":2.4449999999999976},{""rank"":5,""cell"":""g13921:18248"",""probability"":0.0,""latitude"":49.21500000000001,""longitude"":2.4849999999999897}]",6.322030414878489e-12
VIN010_20260213T160000Z_0004@0.500,VIN010,vehicle-b0944389b9,VIN010_20260213T160000Z_0004,train,0.5,49.109,2.412,49.119,2.429,g13911:18242,49.11899999999994,2.428999999999998,g13911:18242,0.8583333333333333,1.0,"[{""rank"":1,""cell"":""g13911:18242"",""probability"":0.8583333333333333,""latitude"":49.115000000000016,""longitude"":2.425000000000016},{""rank"":2,""cell"":""g13912:18242"",""probability"":0.06666666666666667,""latitude"":49.12500000000001,""longitude"":2.425000000000016},{""rank"":3,""cell"":""g13905:18238"",""probability"":0.025,""latitude"":49.055000000000014,""longitude"":2.3849999999999953},{""rank"":4,""cell"":""g13914:18244"",""probability"":0.016666666666666666,""latitude"":49.14500000000002,""longitude"":2.4449999999999976},{""rank"":5,""cell"":""g13911:18241"",""probability"":0.016666666666666666,""latitude"":49.115000000000016,""longitude"":2.4149999999999965}]",6.322030414878489e-12
VIN010_20260213T190000Z_0005@0.000,VIN010,vehicle-b0944389b9,VIN010_20260213T190000Z_0005,train,0.0,49.112,2.416,49.126,2.424,g13912:18242,49.126000000000126,2.4240000000000013,g13912:18242,0.825,1.0,"[{""rank"":1,""cell"":""g13912:18242"",""probability"":0.825,""latitude"":49.12500000000001,""longitude"":2.425000000000016},{""rank"":2,""cell"":""g13911:18242"",""probability"":0.10833333333333334,""latitude"":49.115000000000016,""longitude"":2.425000000000016},{""rank"":3,""cell"":""g13915:18244"",""probability"":0.025,""latitude"":49.15500000000001,""longitude"":2.4449999999999976},{""rank"":4,""cell"":""g13906:18238"",""probability"":0.016666666666666666,""latitude"":49.065000000000005,""longitude"":2.3849999999999953},{""rank"":5,""cell"":""g13914:18243"",""probability"":0.008333333333333333,""latitude"":49.14500000000002,""longitude"":2.4350000000000067}]",1.4221924583099409e-11
VIN010_20260213T190000Z_0005@0.250,VIN010,vehicle-b0944389b9,VIN010_20260213T190000Z_0005,train,0.25,49.112,2.416,49.126,2.424,g13912:18242,49.126000000000126,2.4240000000000013,g13912:18242,0.9166666666666666,1.0,"[{""rank"":1,""cell"":""g13912:18242"",""probability"":0.9166666666666666,""latitude"":49.12500000000001,""longitude"":2.425000000000016},{""rank"":2,""cell"":""g13915:18244"",""probability"":0.03333333333333333,""latitude"":49.15500000000001,""longitude"":2.4449999999999976},{""rank"":3,""cell"":""g13911:18242"",""probability"":0.03333333333333333,""latitude"":49.115000000000016,""longitude"":2.425000000000016},{""rank"":4,""cell"":""g13914:18243"",""probability"":0.008333333333333333,""latitude"":49.14500000000002,""longitude"":2.4350000000000067},{""rank"":5,""cell"":""g13906:18238"",""probability"":0.008333333333333333,""latitude"":49.065000000000005,""longitude"":2.3849999999999953}]",1.4221924583099409e-11
VIN010_20260213T190000Z_0005@0.500,VIN010,vehicle-b0944389b9,VIN010_20260213T190000Z_0005,train,0.5,49.112,2.416,49.126,2.424,g13912:18242,49.126000000000126,2.4240000000000013,g13912:18242,0.9083333333333333,1.0,"[{""rank"":1,""cell"":""g13912:18242"",""probability"":0.9083333333333333,""latitude"":49.12500000000001,""longitude"":2.425000000000016},{""rank"":2,""cell"":""g13915:18244"",""probability"":0.03333333333333333,""latitude"":49.15500000000001,""longitude"":2.4449999999999976},{""rank"":3,""cell"":""g13906:18238"",""probability"":0.025,""latitude"":49.065000000000005,""longitude"":2.3849999999999953},{""rank"":4,""cell"":""g13911:18242"",""probability"":0.016666666666666666,""latitude"":49.115000000000016,""longitude"":2.425000000000016},{""rank"":5,""cell"":""g13914:18243"",""probability"":0.008333333333333333,""latitude"":49.14500000000002,""longitude"":2.4350000000000067}]",1.4221924583099409e-11
VIN011_20260213T070000Z_0001@0.000,VIN011,vehicle-69b5433a87,VIN011_20260213T070000Z_0001,train,0.0,49.13,2.42,49.14,2.428,g13913:18242,49.14000000000007,2.4279999999999977,g13913:18242,0.9,1.0,"[{""rank"":1,""cell"":""g13913:18242"",""probability"":0.9,""latitude"":49.135,""longitude"":2.425000000000016},{""rank"":2,""cell"":""g13917:18244"",""probability"":0.03333333333333333,""latitude"":49.17500000000002,""longitude"":2.4449999999999976},{""rank"":3,""cell"":""g13911:18240"",""probability"":0.03333333333333333,""latitude"":49.115000000000016,""longitude"":2.4050000000000056},{""rank"":4,""cell"":""g13914:18243"",""probability"":0.025,""latitude"":49.14500000000002,""longitude"":2.4350000000000067},{""rank"":5,""cell"":""g13919:18246"",""probability"":0.008333333333333333,""latitude"":49.195,""longitude"":2.465000000000008}]",7.902536619577739e-12
VIN011_20260213T070000Z_0001@0.250,VIN011,vehicle-69b5433a87,VIN011_20260213T070000Z_0001,train,0.25,49.13,2.42,49.14,2.428,g13913:18242,49.14000000000007,2.4279999999999977,g13913:18242,0.9083333333333333,1.0,"[{""rank"":1,""cell"":""g13913:18242"",""probability"":0.9083333333333333,""latitude"":49.135,""longitude"":2.425000000000016},{""rank"":2,""cell"":""g13917:18244"",""probability"":0.03333333333333333,""latitude"":49.17500000000002,""longitude"":2.4449999999999976},{""rank"":3,""cell"":""g13914:18243"",""probability"":0.025,""latitude"":49.14500000000002,""longitude"":2.4350000000000067},{""rank"":4,""cell"":""g13911:18240"",""probability"":0.025,""latitude"":49.115000000000016,""longitude"":2.4050000000000056},{""rank"":5,""cell"":""g13919:18246"",""probability"":0.008333333333333333,""latitude"":49.195,""longitude"":2.465000000000008}]",7.902536619577739e-12
VIN011_20260213T070000Z_0001@0.500,VIN011,vehicle-69b5433a87,VIN011_20260213T070000Z_0001,train,0.5,49.13,2.42,49.14,2.428,g13913:18242,49.14000000000007,2.4279999999999977,g13913:18242,0.8333333333333334,1.0,"[{""rank"":1,""cell"":""g13913:18242"",""probability"":0.8333333333333334,""latitude"":49.135,""longitude"":2.425000000000016},{""rank"":2,""cell"":""g13911:18240"",""probability"":0.075,""latitude"":49.115000000000016,""longitude"":2.4050000000000056},{""rank"":3,""cell"":""g13917:18244"",""probability"":0.058333333333333334,""latitude"":49.17500000000002,""longitude"":2.4449999999999976},{""rank"":4,""cell"":""g13914:18243"",""probability"":0.016666666666666666,""latitude"":49.14500000000002,""longitude"":2.4350000000000067},{""rank"":5,""cell"":""g13911:18242"",""probability"":0.008333333333333333,""latitude"":49.115000000000016,""longitude"":2.425000000000016}]",7.902536619577739e-12
VIN011_20260213T100000Z_0002@0.000,VIN011,vehicle-69b5433a87,VIN011_20260213T100000Z_0002,train,0.0,49.133,2.424,49.147,2.435,g13914:18243,49.14699999999995,2.435000000000002,g13914:18243,0.8666666666666667,1.0,"[{""rank"":1,""cell"":""g13914:18243"",""probability"":0.8666666666666667,""latitude"":49.14500000000002,""longitude"":2.4350000000000067},{""rank"":2,""cell"":""g13917:18245"",""probability"":0.03333333333333333,""latitude"":49.17500000000002,""longitude"":2.455000000000017},{""rank"":3,""cell"":""g13915:18244"",""probability"":0.03333333333333333,""latitude"":49.15500000000001,""longitude"":2.4449999999999976},{""rank"":4,""cell"":""g13911:18241"",""probability"":0.03333333333333333,""latitude"":49.115000000000016,""longitude"":2.4149999999999965},{""rank"":5,""cell"":""g13913:18242"",""probability"":0.025,""latitude"":49.135,""longitude"":2.425000000000016}]",5.532128938062856e-12
VIN011_20260213T100000Z_0002@0.250,VIN011,vehicle-69b5433a87,VIN011_20260213T100000Z_0002,train,0.25,49.133,2.424,49.147,2.435,g13914:18243,49.14699999999995,2.435000000000002,g13914:18243,0.8666666666666667,1.0,"[{""rank"":1,""cell"":""g13914:18243"",""probability"":0.8666666666666667,""latitude"":49.14500000000002,""longitude"":2.4350000000000067},{""rank"":2,""cell"":""g13911:18241"",""probability"":0.06666666666666667,""latitude"":49.115000000000016,""longitude"":2.4149999999999965},{""rank"":3,""cell"":""g13915:18244"",""probability"":0.041666666666666664,""latitude"":49.15500000000001,""longitude"":2.4449999999999976},{""rank"":4,""cell"":""g13913:18242"",""probability"":0.016666666666666666,""latitude"":49.135,""longitude"":2.425000000000016},{""rank"":5,""cell"":""g13917:18245"",""probability"":0.008333333333333333,""latitude"":49.17500000000002,""longitude"":2.455000000000017}]",5.532128938062856e-12
VIN011_20260213T100000Z_0002@0.500,VIN011,vehicle-69b5433a87,VIN011_20260213T100000Z_0002,train,0.5,49.133,2.424,49.147,2.435,g13914:18243,49.14699999999995,2.435000000000002,g13914:18243,0.85,1.0,"[{""rank"":1,""cell"":""g13914:18243"",""probability"":0.85,""latitude"":49.14500000000002,""longitude"":2.4350000000000067},{""rank"":2,""cell"":""g13911:18241"",""probability"":0.058333333333333334,""latitude"":49.115000000000016,""longitude"":2.4149999999999965},{""rank"":3,""cell"":""g13915:18244"",""probability"":0.05,""latitude"":49.15500000000001,""longitude"":2.4449999999999976},{""rank"":4,""cell"":""g13917:18245"",""probability"":0.025,""latitude"":49.17500000000002,""longitude"":2.455000000000017},{""rank"":5,""cell"":""g13913:18242"",""probability"":0.016666666666666666,""latitude"":49.135,""longitude"":2.425000000000016}]",5.532128938062856e-12
VIN011_20260213T130000Z_0003@0.000,VIN011,vehicle-69b5433a87,VIN011_20260213T130000Z_0003,train,0.0,49.136,2.428,49.154,2.442,g13915:18244,49.15400000000014,2.4420000000000055,g13915:18244,0.8416666666666667,1.0,"[{""rank"":1,""cell"":""g13915:18244"",""probability"":0.8416666666666667,""latitude"":49.15500000000001,""longitude"":2.4449999999999976},{""rank"":2,""cell"":""g13914:18244"",""probability"":0.08333333333333333,""latitude"":49.14500000000002,""longitude"":2.4449999999999976},{""rank"":3,""cell"":""g13914:18243"",""probability"":0.05,""latitude"":49.14500000000002,""longitude"":2.4350000000000067},{""rank"":4,""cell"":""g13912:18242"",""probability"":0.016666666666666666,""latitude"":49.12500000000001,""longitude"":2.425000000000016},{""rank"":5,""cell"":""g13918:18246"",""probability"":0.008333333333333333,""latitude"":49.18500000000001,""longitude"":2.465000000000008}]",1.501668464000845e-11
VIN011_20260213T130000Z_0003@0.250,VIN011,vehicle-69b5433a87,VIN011_20260213T130000Z_0003,train,0.25,49.136,2.428,49.154,2.442,g13915:18244,49.15400000000014,2.4420000000000055,g13915:18244,0.9333333333333333,1.0,"[{""rank"":1,""cell"":""g13915:18244"",""probability"":0.9333333333333333,""latitude"":49.15500000000001,""longitude"":2.4449999999999976},{""rank"":2,""cell"":""g13914:18244"",""probability"":0.025,""latitude"":49.14500000000002,""longitude"":2.4449999999999976},{""rank"":3,""cell"":""g13912:18242"",""probability"":0.016666666666666666,""latitude"":49.12500000000001,""longitude"":2.425000000000016},{""rank"":4,""cell"":""g13914:18243"",""probability"":0.016666666666666666,""latitude"":49.14500000000002,""longitude"":2.4350000000000067},{""rank"":5,""cell"":""g13911:18242"",""probability"":0.008333333333333333,""latitude"":49.115000000000016,""longitude"":2.425000000000016}]",1.501668464000845e-11
VIN011_20260213T130000Z_0003@0.500,VIN011,vehicle-69b5433a87,VIN011_20260213T130000Z_0003,train,0.5,49.136,2.428,49.154,2.442,g13915:18244,49.15400000000014,2.4420000000000055,g13915:18244,0.8833333333333333,1.0,"[{""rank"":1,""cell"":""g13915:18244"",""probability"":0.8833333333333333,""latitude"":49.15500000000001,""longitude"":2.4449999999999976},{""rank"":2,""cell"":""g13912:18242"",""probability"":0.03333333333333333,""latitude"":49.12500000000001,""longitude"":2.425000000000016},{""rank"":3,""cell"":""g13918:18246"",""probability"":0.025,""latitude"":49.18500000000001,""longitude"":2.465000000000008},{""rank"":4,""cell"":""g13914:18243"",""probability"":0.025,""latitude"":49.14500000000002,""longitude"":2.4350000000000067},{""rank"":5,""cell"":""g13914:18244"",""probability"":0.008333333333333333,""latitude"":49.14500000000002,""longitude"":2.4449999999999976}]",1.501668464000845e-11
VIN011_20260213T160000Z_0004@0.000,VIN011,vehicle-69b5433a87,VIN011_20260213T160000Z_0004,train,0.0,49.139,2.432,49.149,2.449,g13914:18244,49.14900000000004,2.449000000000006,g13914:18244,0.8583333333333333,1.0,"[{""rank"":1,""cell"":""g13914:18244"",""probability"":0.8583333333333333,""latitude"":49.14500000000002,""longitude"":2.4449999999999976},{""rank"":2,""cell"":""g13915:18244"",""probability"":0.1,""latitude"":49.15500000000001,""longitude"":2.4449999999999976},{""rank"":3,""cell"":""g13911:18242"",""probability"":0.025,""latitude"":49.115000000000016,""longitude"":2.425000000000016},{""rank"":4,""cell"":""g13917:18245"",""probability"":0.008333333333333333,""latitude"":49.17500000000002,""longitude"":2.455000000000017},{""rank"":5,""cell"":""g13912:18242"",""probability"":0.008333333333333333,""latitude"":49.12500000000001,""longitude"":2.425000000000016}]",4.762049624482044e-12
VIN011_20260213T160000Z_0004@0.250,VIN011,vehicle-69b5433a87,VIN011_20260213T160000Z_0004,train,0.25,49.139,2.432,49.149,2.449,g13914:18244,49.14900000000004,2.449000000000006,g13914:18244,0.875,1.0,"[{""rank"":1,""cell"":""g13914:18244"",""probability"":0.875,""latitude"":49.14500000000002,""longitude"":2.4449999999999976},{""rank"":2,""cell"":""g13915:18244"",""probability"":0.08333333333333333,""latitude"":49.15500000000001,""longitude"":2.4449999999999976},{""rank"":3,""cell"":""g13911:18242"",""probability"":0.025,""latitude"":49.115000000000016,""longitude"":2.425000000000016},{""rank"":4,""cell"":""g13917:18245"",""probability"":0.008333333333333333,""latitude"":49.17500000000002,""longitude"":2.455000000000017},{""rank"":5,""cell"":""g13912:18242"",""probability"":0.008333333333333333,""latitude"":49.12500000000001,""longitude"":2.425000000000016}]",4.762049624482044e-12
VIN011_20260213T160000Z_0004@0.500,VIN011,vehicle-69b5433a87,VIN011_20260213T160000Z_0004,train,0.5,49.139,2.432,49.149,2.449,g13914:18244,49.14900000000004,2.449000000000006,g13914:18244,0.8083333333333333,1.0,"[{""rank"":1,""cell"":""g13914:18244"",""probability"":0.8083333333333333,""latitude"":49.14500000000002,""longitude"":2.4449999999999976},{""rank"":2,""cell"":""g13915:18244"",""probability"":0.125,""latitude"":49.15500000000001,""longitude"":2.4449999999999976},{""rank"":3,""cell"":""g13917:18246"",""probability"":0.025,""latitude"":49.17500000000002,""longitude"":2.465000000000008},{""rank"":4,""cell"":""g13911:18242"",""probability"":0.016666666666666666,""latitude"":49.115000000000016,""longitude"":2.425000000000016},{""rank"":5,""cell"":""g13912:18242"",""probability"":0.008333333333333333,""latitude"":49.12500000000001,""longitude"":2.425000000000016}]",4.762049624482044e-12
VIN011_20260213T190000Z_0005@0.000,VIN011,vehicle-69b5433a87,VIN011_20260213T190000Z_0005,train,0.0,49.142,2.436,49.156,2.444,g13915:18244,49.155999999999956,2.4439999999999977,g13915:18244,0.85,1.0,"[{""rank"":1,""cell"":""g13915:18244"",""probability"":0.85,""latitude"":49.15500000000001,""longitude"":2.4449999999999976},{""rank"":2,""cell"":""g13914:18244"",""probability"":0.1,""latitude"":49.14500000000002,""longitude"":2.4449999999999976},{""rank"":3,""cell"":""g13912:18242"",""probability"":0.025,""latitude"":49.12500000000001,""longitude"":2.425000000000016},{""rank"":4,""cell"":""g13918:18246"",""probability"":0.016666666666666666,""latitude"":49.18500000000001,""longitude"":2.465000000000008},{""rank"":5,""cell"":""g13917:18245"",""probability"":0.008333333333333333,""latitude"":49.17500000000002,""longitude"":2.455000000000017}]",4.7432807181594425e-12
VIN011_20260213T190000Z_0005@0.250,VIN011,vehicle-69b5433a87,VIN011_20260213T190000Z_0005,train,0.25,49.142,2.436,49.156,2.444,g13915:18244,49.155999999999956,2.4439999999999977,g13915:18244,0.9583333333333334,1.0,"[{""rank"":1,""cell"":""g13915:18244"",""probability"":0.9583333333333334,""latitude"":49.15500000000001,""longitude"":2.4449999999999976},{""rank"":2,""cell"":""g13914:18244"",""probability"":0.025,""latitude"":49.14500000000002,""longitude"":2.4449999999999976},{""rank"":3,""cell"":""g13912:18242"",""probability"":0.016666666666666666,""latitude"":49.12500000000001,""longitude"":2.425000000000016},{""rank"":4,""cell"":""g13921:18248"",""probability"":0.0,""latitude"":49.21500000000001,""longitude"":2.4849999999999897},{""rank"":5,""cell"":""g13918:18246"",""probability"":0.0,""latitude"":49.18500000000001,""longitude"":2.465000000000008}]",4.7432807181594425e-12
VIN011_20260213T190000Z_0005@0.500,VIN011,vehicle-69b5433a87,VIN011_20260213T190000Z_0005,train,0.5,49.142,2.436,49.156,2.444,g13915:18244,49.155999999999956,2.4439999999999977,g13915:18244,0.9333333333333333,1.0,"[{""rank"":1,""cell"":""g13915:18244"",""probability"":0.9333333333333333,""latitude"":49.15500000000001,""longitude"":2.4449999999999976},{""rank"":2,""cell"":""g13918:18246"",""probability"":0.016666666666666666,""latitude"":49.18500000000001,""longitude"":2.465000000000008},{""rank"":3,""cell"":""g13914:18244"",""probability"":0.016666666666666666,""latitude"":49.14500000000002,""longitude"":2.4449999999999976},{""rank"":4,""cell"":""g13917:18246"",""probability"":0.008333333333333333,""latitude"":49.17500000000002,""longitude"":2.465000000000008},{""rank"":5,""cell"":""g13906:18238"",""probability"":0.008333333333333333,""latitude"":49.065000000000005,""longitude"":2.3849999999999953}]",4.7432807181594425e-12
VIN012_20260213T070000Z_0001@0.000,VIN012,vehicle-c96648a097,VIN012_20260213T070000Z_0001,train,0.0,49.16,2.44,49.17,2.448,g13917:18244,49.17000000000006,2.447999999999999,g13917:18244,0.8666666666666667,1.0,"[{""rank"":1,""cell"":""g13917:18244"",""probability"":0.8666666666666667,""latitude"":49.17500000000002,""longitude"":2.4449999999999976},{""rank"":2,""cell"":""g13913:18242"",""probability"":0.06666666666666667,""latitude"":49.135,""longitude"":2.425000000000016},{""rank"":3,""cell"":""g13919:18246"",""probability"":0.03333333333333333,""latitude"":49.195,""longitude"":2.465000000000008},{""rank"":4,""cell"":""g13917:18245"",""probability"":0.016666666666666666,""latitude"":49.17500000000002,""longitude"":2.455000000000017},{""rank"":5,""cell"":""g13915:18244"",""probability"":0.008333333333333333,""latitude"":49.15500000000001,""longitude"":2.4449999999999976}]",6.3210383407890876e-12
VIN012_20260213T070000Z_0001@0.250,VIN012,vehicle-c96648a097,VIN012_20260213T070000Z_0001,train,0.25,49.16,2.44,49.17,2.448,g13917:18244,49.17000000000006,2.447999999999999,g13917:18244,0.8833333333333333,1.0,"[{""rank"":1,""cell"":""g13917:18244"",""probability"":0.8833333333333333,""latitude"":49.17500000000002,""longitude"":2.4449999999999976},{""rank"":2,""cell"":""g13913:18242"",""probability"":0.058333333333333334,""latitude"":49.135,""longitude"":2.425000000000016},{""rank"":3,""cell"":""g13919:18246"",""probability"":0.025,""latitude"":49.195,""longitude"":2.465000000000008},{""rank"":4,""cell"":""g13917:18245"",""probability"":0.008333333333333333,""latitude"":49.17500000000002,""longitude"":2.455000000000017},{""rank"":5,""cell"":""g13914:18243"",""probability"":0.008333333333333333,""latitude"":49.14500000000002,""longitude"":2.4350000000000067}]",6.3210383407890876e-12
VIN012_20260213T070000Z_0001@0.500,VIN012,vehicle-c96648a097,VIN012_20260213T070000Z_0001,train,0.5,49.16,2.44,49.17,2.448,g13917:18244,49.17000000000006,2.447999999999999,g13917:18244,0.9,1.0,"[{""rank"":1,""cell"":""g13917:18244"",""probability"":0.9,""latitude"":49.17500000000002,""longitude"":2.4449999999999976},{""rank"":2,""cell"":""g13913:18242"",""probability"":0.041666666666666664,""latitude"":49.135,""longitude"":2.425000000000016},{""rank"":3,""cell"":""g13919:18246"",""probability"":0.025,""latitude"":49.195,""longitude"":2.465000000000008},{""rank"":4,""cell"":""g13917:18245"",""probability"":0.016666666666666666,""latitude"":49.17500000000002,""longitude"":2.455000000000017},{""rank"":5,""cell"":""g13915:18244"",""probability"":0.008333333333333333,""latitude"":49.15500000000001,""longitude"":2.4449999999999976}]",6.3210383407890876e-12
VIN012_20260213T100000Z_0002@0.000,VIN012,vehicle-c96648a097,VIN012_20260213T100000Z_0002,train,0.0,49.163,2.444,49.177,2.455,g13917:18245,49.176999999999936,2.4550000000000027,g13917:18245,0.8333333333333334,1.0,"[{""rank"":1,""cell"":""g13917:18245"",""probability"":0.8333333333333334,""latitude"":49.17500000000002,""longitude"":2.455000000000017},{""rank"":2,""cell"":""g13914:18243"",""probability"":0.058333333333333334,""latitude"":49.14500000000002,""longitude"":2.4350000000000067},{""rank"":3,""cell"":""g13917:18244"",""probability"":0.041666666666666664,""latitude"":49.17500000000002,""longitude"":2.4449999999999976},{""rank"":4,""cell"":""g13918:18246"",""probability"":0.041666666666666664,""latitude"":49.18500000000001,""longitude"":2.465000000000008},{""rank"":5,""cell"":""g13920:18247"",""probability"":0.016666666666666666,""latitude"":49.20500000000002,""longitude"":2.4749999999999988}]",7.113434478207885e-12
VIN012_20260213T100000Z_0002@0.250,VIN012,vehicle-c96648a097,VIN012_20260213T100000Z_0002,train,0.25,49.163,2.444,49.177,2.455,g13917:18245,49.176999999999936,2.4550000000000027,g13917:18245,0.8916666666666667,1.0,"[{""rank"":1,""cell"":""g13917:18245"",""probability"":0.8916666666666667,""latitude"":49.17500000000002,""longitude"":2.455000000000017},{""rank"":2,""cell"":""g13914:18243"",""probability"":0.03333333333333333,""latitude"":49.14500000000002,""longitude"":2.4350000000000067},{""rank"":3,""cell"":""g13918:18246"",""probability"":0.025,""latitude"":49.18500000000001,""longitude"":2.465000000000008},{""rank"":4,""cell"":""g13920:18247"",""probability"":0.016666666666666666,""latitude"":49.20500000000002,""longitude"":2.4749999999999988},{""rank"":5,""cell"":""g13917:18246"",""probability"":0.008333333333333333,""latitude"":49.17500000000002,""longitude"":2.465000000000008}]",7.113434478207885e-12
VIN012_20260213T100000Z_0002@0.500,VIN012,vehicle-c96648a097,VIN012_20260213T100000Z_0002,train,0.5,49.163,2.444,49.177,2.455,g13917:18245,49.176999999999936,2.4550000000000027,g13917:18245,0.8416666666666667,1.0,"[{""rank"":1,""cell"":""g13917:18245"",""probability"":0.8416666666666667,""latitude"":49.17500000000002,""longitude"":2.455000000000017},{""rank"":2,""cell"":""g13918:18246"",""probability"":0.058333333333333334,""latitude"":49.18500000000001,""longitude"":2.465000000000008},{""rank"":3,""cell"":""g13914:18243"",""probability"":0.058333333333333334,""latitude"":49.14500000000002,""longitude"":2.4350000000000067},{""rank"":4,""cell"":""g13920:18247"",""probability"":0.016666666666666666,""latitude"":49.20500000000002,""longitude"":2.4749999999999988},{""rank"":5,""cell"":""g13917:18244"",""probability"":0.008333333333333333,""latitude"":49.17500000000002,""longitude"":2.4449999999999976}]",7.113434478207885e-12
VIN012_20260213T130000Z_0003@0.000,VIN012,vehicle-c96648a097,VIN012_20260213T130000Z_0003,train,0.0,49.166,2.448,49.184,2.462,g13918:18246,49.18400000000012,2.461999999999995,g13918:18246,0.8166666666666667,1.0,"[{""rank"":1,""cell"":""g13918:18246"",""probability"":0.8166666666666667,""latitude"":49.18500000000001,""longitude"":2.465000000000008},{""rank"":2,""cell"":""g13917:18246"",""probability"":0.08333333333333333,""latitude"":49.17500000000002,""longitude"":2.465000000000008},{""rank"":3,""cell"":""g13917:18245"",""probability"":0.058333333333333334,""latitude"":49.17500000000002,""longitude"":2.455000000000017},{""rank"":4,""cell"":""g13915:18244"",""probability"":0.03333333333333333,""latitude"":49.15500000000001,""longitude"":2.4449999999999976},{""rank"":5,""cell"":""g13921:18248"",""probability"":0.008333333333333333,""latitude"":49.21500000000001,""longitude"":2.4849999999999897}]",1.3437088968000942e-11
VIN012_20260213T130000Z_0003@0.250,VIN012,vehicle-c96648a097,VIN012_20260213T130000Z_0003,train,0.25,49.166,2.448,49.184,2.462,g13918:18246,49.18400000000012,2.461999999999995,g13918:18246,0.8666666666666667,1.0,"[{""rank"":1,""cell"":""g13918:18246"",""probability"":0.8666666666666667,""latitude"":49.18500000000001,""longitude"":2.465000000000008},{""rank"":2,""cell"":""g13917:18246"",""probability"":0.08333333333333333,""latitude"":49.17500000000002,""longitude"":2.465000000000008},{""rank"":3,""cell"":""g13915:18244"",""probability"":0.025,""latitude"":49.15500000000001,""longitude"":2.4449999999999976},{""rank"":4,""cell"":""g13917:18245"",""probability"":0.016666666666666666,""latitude"":49.17500000000002,""longitude"":2.455000000000017},{""rank"":5,""cell"":""g13921:18248"",""probability"":0.008333333333333333,""latitude"":49.21500000000001,""longitude"":2.4849999999999897}]",1.3437088968000942e-11
VIN012_20260213T130000Z_0003@0.500,VIN012,vehicle-c96648a097,VIN012_20260213T130000Z_0003,train,0.5,49.166,2.448,49.184,2.462,g13918:18246,49.18400000000012,2.461999999999995,g13918:18246,0.825,1.0,"[{""rank"":1,""cell"":""g13918:18246"",""probability"":0.825,""latitude"":49.18500000000001,""longitude"":2.465000000000008},{""rank"":2,""cell"":""g13915:18244"",""probability"":0.058333333333333334,""latitude"":49.15500000000001,""longitude"":2.4449999999999976},{""rank"":3,""cell"":""g13917:18246"",""probability"":0.041666666666666664,""latitude"":49.17500000000002,""longitude"":2.465000000000008},{""rank"":4,""cell"":""g13917:18245"",""probability"":0.016666666666666666,""latitude"":49.17500000000002,""longitude"":2.455000000000017},{""rank"":5,""cell"":""g13920:18247"",""probability"":0.008333333333333333,""latitude"":49.20500000000002,""longitude"":2.4749999999999988}]",1.3437088968000942e-11
VIN012_20260213T160000Z_0004@0.000,VIN012,vehicle-c96648a097,VIN012_20260213T160000Z_0004,train,0.0,49.169,2.452,49.179,2.469,g13917:18246,49.179000000000066,2.4689999999999954,g13917:18246,0.9083333333333333,1.0,"[{""rank"":1,""cell"":""g13917:18246"",""probability"":0.9083333333333333,""latitude"":49.17500000000002,""longitude"":2.465000000000008},{""rank"":2,""cell"":""g13918:18246"",""probability"":0.06666666666666667,""latitude"":49.18500000000001,""longitude"":2.465000000000008},{""rank"":3,""cell"":""g13914:18244"",""probability"":0.008333333333333333,""latitude"":49.14500000000002,""longitude"":2.4449999999999976},{""rank"":4,""cell"":""g13915:18244"",""probability"":0.008333333333333333,""latitude"":49.15500000000001,""longitude"":2.4449999999999976},{""rank"":5,""cell"":""g13911:18242"",""probability"":0.008333333333333333,""latitude"":49.115000000000016,""longitude"":2.425000000000016}]",7.118120170903883e-12
VIN012_20260213T160000Z_0004@0.250,VIN012,vehicle-c96648a097,VIN012_20260213T160000Z_0004,train,0.25,49.169,2.452,49.179,2.469,g13917:18246,49.179000000000066,2.4689999999999954,g13917:18246,0.9416666666666667,1.0,"[{""rank"":1,""cell"":""g13917:18246"",""probability"":0.9416666666666667,""latitude"":49.17500000000002,""longitude"":2.465000000000008},{""rank"":2,""cell"":""g13918:18246"",""probability"":0.03333333333333333,""latitude"":49.18500000000001,""longitude"":2.465000000000008},{""rank"":3,""cell"":""g13914:18244"",""probability"":0.008333333333333333,""latitude"":49.14500000000002,""longitude"":2.4449999999999976},{""rank"":4,""cell"":""g13915:18244"",""probability"":0.008333333333333333,""latitude"":49.15500000000001,""longitude"":2.4449999999999976},{""rank"":5,""cell"":""g13911:18242"",""probability"":0.008333333333333333,""latitude"":49.115000000000016,""longitude"":2.425000000000016}]",7.118120170903883e-12
VIN012_20260213T160000Z_0004@0.500,VIN012,vehicle-c96648a097,VIN012_20260213T160000Z_0004,train,0.5,49.169,2.452,49.179,2.469,g13917:18246,49.179000000000066,2.4689999999999954,g13917:18246,0.8333333333333334,1.0,"[{""rank"":1,""cell"":""g13917:18246"",""probability"":0.8333333333333334,""latitude"":49.17500000000002,""longitude"":2.465000000000008},{""rank"":2,""cell"":""g13918:18246"",""probability"":0.13333333333333333,""latitude"":49.18500000000001,""longitude"":2.465000000000008},{""rank"":3,""cell"":""g13920:18248"",""probability"":0.016666666666666666,""latitude"":49.20500000000002,""longitude"":2.4849999999999897},{""rank"":4,""cell"":""g13914:18244"",""probability"":0.016666666666666666,""latitude"":49.14500000000002,""longitude"":2.4449999999999976},{""rank"":5,""cell"":""g13919:18246"",""probability"":0.0,""latitude"":49.195,""longitude"":2.465000000000008}]",7.118120170903883e-12
VIN012_20260213T190000Z_0005@0.000,VIN012,vehicle-c96648a097,VIN012_20260213T190000Z_0005,train,0.0,49.172,2.456,49.186,2.464,g13918:18246,49.18599999999994,2.463999999999999,g13918:18246,0.875,1.0,"[{""rank"":1,""cell"":""g13918:18246"",""probability"":0.875,""latitude"":49.18500000000001,""longitude"":2.465000000000008},{""rank"":2,""cell"":""g13917:18246"",""probability"":0.09166666666666666,""latitude"":49.17500000000002,""longitude"":2.465000000000008},{""rank"":3,""cell"":""g13920:18247"",""probability"":0.016666666666666666,""latitude"":49.20500000000002,""longitude"":2.4749999999999988},{""rank"":4,""cell"":""g13921:18248"",""probability"":0.008333333333333333,""latitude"":49.21500000000001,""longitude"":2.4849999999999897},{""rank"":5,""cell"":""g13915:18244"",""probability"":0.008333333333333333,""latitude"":49.15500000000001,""longitude"":2.4449999999999976}]",6.321038127624287e-12
VIN012_20260213T190000Z_0005@0.250,VIN012,vehicle-c96648a097,VIN012_20260213T190000Z_0005,train,0.25,49.172,2.456,49.186,2.464,g13918:18246,49.18599999999994,2.463999999999999,g13918:18246,0.95,1.0,"[{""rank"":1,""cell"":""g13918:18246"",""probability"":0.95,""latitude"":49.18500000000001,""longitude"":2.465000000000008},{""rank"":2,""cell"":""g13917:18246"",""probability"":0.03333333333333333,""latitude"":49.17500000000002,""longitude"":2.465000000000008},{""rank"":3,""cell"":""g13921:18248"",""probability"":0.008333333333333333,""latitude"":49.21500000000001,""longitude"":2.4849999999999897},{""rank"":4,""cell"":""g13920:18247"",""probability"":0.008333333333333333,""latitude"":49.20500000000002,""longitude"":2.4749999999999988},{""rank"":5,""cell"":""g13919:18246"",""probability"":0.0,""latitude"":49.195,""longitude"":2.465000000000008}]",6.321038127624287e-12
VIN012_20260213T190000Z_0005@0.500,VIN012,vehicle-c96648a097,VIN012_20260213T190000Z_0005,train,0.5,49.172,2.456,49.186,2.464,g13918:18246,49.18599999999994,2.463999999999999,g13918:18246,0.9083333333333333,1.0,"[{""rank"":1,""cell"":""g13918:18246"",""probability"":0.9083333333333333,""latitude"":49.18500000000001,""longitude"":2.465000000000008},{""rank"":2,""cell"":""g13917:18246"",""probability"":0.03333333333333333,""latitude"":49.17500000000002,""longitude"":2.465000000000008},{""rank"":3,""cell"":""g13919:18246"",""probability"":0.016666666666666666,""latitude"":49.195,""longitude"":2.465000000000008},{""rank"":4,""cell"":""g13920:18247"",""probability"":0.016666666666666666,""latitude"":49.20500000000002,""longitude"":2.4749999999999988},{""rank"":5,""cell"":""g13915:18244"",""probability"":0.016666666666666666,""latitude"":49.15500000000001,""longitude"":2.4449999999999976}]",6.321038127624287e-12
VIN013_20260213T070000Z_0001@0.000,VIN013,vehicle-91860af53a,VIN013_20260213T070000Z_0001,train,0.0,49.19,2.46,49.2,2.468,g13919:18246,49.199999999999896,2.4679999999999986,g13919:18246,0.9,1.0,"[{""rank"":1,""cell"":""g13919:18246"",""probability"":0.9,""latitude"":49.195,""longitude"":2.465000000000008},{""rank"":2,""cell"":""g13917:18244"",""probability"":0.041666666666666664,""latitude"":49.17500000000002,""longitude"":2.4449999999999976},{""rank"":3,""cell"":""g13920:18247"",""probability"":0.03333333333333333,""latitude"":49.20500000000002,""longitude"":2.4749999999999988},{""rank"":4,""cell"":""g13918:18246"",""probability"":0.016666666666666666,""latitude"":49.18500000000001,""longitude"":2.465000000000008},{""rank"":5,""cell"":""g13913:18242"",""probability"":0.008333333333333333,""latitude"":49.135,""longitude"":2.425000000000016}]",1.1851723784710338e-11
VIN013_20260213T070000Z_0001@0.250,VIN013,vehicle-91860af53a,VIN013_20260213T070000Z_0001,train,0.25,49.19,2.46,49.2,2.468,g13919:18246,49.199999999999896,2.4679999999999986,g13919:18246,0.9083333333333333,1.0,"[{""rank"":1,""cell"":""g13919:18246"",""probability"":0.9083333333333333,""latitude"":49.195,""longitude"":2.465000000000008},{""rank"":2,""cell"":""g13917:18244"",""probability"":0.03333333333333333,""latitude"":49.17500000000002,""longitude"":2.4449999999999976},{""rank"":3,""cell"":""g13918:18246"",""probability"":0.025,""latitude"":49.18500000000001,""longitude"":2.465000000000008},{""rank"":4,""cell"":""g13920:18247"",""probability"":0.016666666666666666,""latitude"":49.20500000000002,""longitude"":2.4749999999999988},{""rank"":5,""cell"":""g13917:18246"",""probability"":0.008333333333333333,""latitude"":49.17500000000002,""longitude"":2.465000000000008}]",1.1851723784710338e-11
VIN013_20260213T070000Z_0001@0.500,VIN013,vehicle-91860af53a,VIN013_20260213T070000Z_0001,train,0.5,49.19,2.46,49.2,2.468,g13919:18246,49.199999999999896,2.4679999999999986,g13919:18246,0.9166666666666666,1.0,"[{""rank"":1,""cell"":""g13919:18246"",""probability"":0.9166666666666666,""latitude"":49.195,""longitude"":2.465000000000008},{""rank"":2,""cell"":""g13920:18247"",""probability"":0.025,""latitude"":49.20500000000002,""longitude"":2.4749999999999988},{""rank"":3,""cell"":""g13917:18244"",""probability"":0.025,""latitude"":49.17500000000002,""longitude"":2.4449999999999976},{""rank"":4,""cell"":""g13918:18246"",""probability"":0.016666666666666666,""latitude"":49.18500000000001,""longitude"":2.465000000000008},{""rank"":5,""cell"":""g13917:18246"",""probability"":0.016666666666666666,""latitude"":49.17500000000002,""longitude"":2.465000000000008}]",1.1851723784710338e-11
VIN013_20260213T100000Z_0002@0.000,VIN013,vehicle-91860af53a,VIN013_20260213T100000Z_0002,train,0.0,49.193,2.464,49.207,2.475,g13920:18247,49.20700000000008,2.4749999999999996,g13920:18247,0.8916666666666667,1.0,"[{""rank"":1,""cell"":""g13920:18247"",""probability"":0.8916666666666667,""latitude"":49.20500000000002,""longitude"":2.4749999999999988},{""rank"":2,""cell"":""g13921:18248"",""probability"":0.025,""latitude"":49.21500000000001,""longitude"":2.4849999999999897},{""rank"":3,""cell"":""g13920:18248"",""probability"":0.025,""latitude"":49.20500000000002,""longitude"":2.4849999999999897},{""rank"":4,""cell"":""g13919:18246"",""probability"":0.025,""latitude"":49.195,""longitude"":2.465000000000008},{""rank"":5,""cell"":""g13918:18246"",""probability"":0.016666666666666666,""latitude"":49.18500000000001,""longitude"":2.465000000000008}]",8.691034095312927e-12
VIN013_20260213T100000Z_0002@0.250,VIN013,vehicle-91860af53a,VIN013_20260213T100000Z_0002,train,0.25,49.193,2.464,49.207,2.475,g13920:18247,49.20700000000008,2.4749999999999996,g13920:18247,0.875,1.0,"[{""rank"":1,""cell"":""g13920:18247"",""probability"":0.875,""latitude"":49.20500000000002,""longitude"":2.4749999999999988},{""rank"":2,""cell"":""g13921:18248"",""probability"":0.041666666666666664,""latitude"":49.21500000000001,""longitude"":2.4849999999999897},{""rank"":3,""cell"":""g13920:18248"",""probability"":0.025,""latitude"":49.20500000000002,""longitude"":2.4849999999999897},{""rank"":4,""cell"":""g13917:18245"",""probability"":0.025,""latitude"":49.17500000000002,""longitude"":2.455000000000017},{""rank"":5,""cell"":""g13918:18246"",""probability"":0.016666666666666666,""latitude"":49.18500000000001,""longitude"":2.465000000000008}]",8.691034095312927e-12
VIN013_20260213T100000Z_0002@0.500,VIN013,vehicle-91860af53a,VIN013_20260213T100000Z_0002,train,0.5,49.193,2.464,49.207,2.475,g13920:18247,49.20700000000008,2.4749999999999996,g13920:18247,0.825,1.0,"[{""rank"":1,""cell"":""g13920:18247"",""probability"":0.825,""latitude"":49.20500000000002,""longitude"":2.4749999999999988},{""rank"":2,""cell"":""g13921:18248"",""probability"":0.075,""latitude"":49.21500000000001,""longitude"":2.4849999999999897},{""rank"":3,""cell"":""g13917:18245"",""probability"":0.03333333333333333,""latitude"":49.17500000000002,""longitude"":2.455000000000017},{""rank"":4,""cell"":""g13920:18248"",""probability"":0.025,""latitude"":49.20500000000002,""longitude"":2.4849999999999897},{""rank"":5,""cell"":""g13914:18243"",""probability"":0.016666666666666666,""latitude"":49.14500000000002,""longitude"":2.4350000000000067}]",8.691034095312927e-12
VIN013_20260213T130000Z_0003@0.000,VIN013,vehicle-91860af53a,VIN013_20260213T130000Z_0003,train,0.0,49.196,2.468,49.214,2.482,g13921:18248,49.21399999999995,2.4820000000000038,g13921:18248,0.8583333333333333,1.0,"[{""rank"":1,""cell"":""g13921:18248"",""probability"":0.8583333333333333,""latitude"":49.21500000000001,""longitude"":2.4849999999999897},{""rank"":2,""cell"":""g13920:18248"",""probability"":0.08333333333333333,""latitude"":49.20500000000002,""longitude"":2.4849999999999897},{""rank"":3,""cell"":""g13920:18247"",""probability"":0.041666666666666664,""latitude"":49.20500000000002,""longitude"":2.4749999999999988},{""rank"":4,""cell"":""g13918:18246"",""probability"":0.008333333333333333,""latitude"":49.18500000000001,""longitude"":2.465000000000008},{""rank"":5,""cell"":""g13917:18246"",""probability"":0.008333333333333333,""latitude"":49.17500000000002,""longitude"":2.465000000000008}]",5.536637111896867e-12
VIN013_20260213T130000Z_0003@0.250,VIN013,vehicle-91860af53a,VIN013_20260213T130000Z_0003,train,0.25,49.196,2.468,49.214,2.482,g13921:18248,49.21399999999995,2.4820000000000038,g13921:18248,0.8916666666666667,1.0,"[{""rank"":1,""cell"":""g13921:18248"",""probability"":0.8916666666666667,""latitude"":49.21500000000001,""longitude"":2.4849999999999897},{""rank"":2,""cell"":""g13920:18248"",""probability"":0.075,""latitude"":49.20500000000002,""longitude"":2.4849999999999897},{""rank"":3,""cell"":""g13920:18247"",""probability"":0.03333333333333333,""latitude"":49.20500000000002,""longitude"":2.4749999999999988},{""rank"":4,""cell"":""g13919:18246"",""probability"":0.0,""latitude"":49.195,""longitude"":2.465000000000008},{""rank"":5,""cell"":""g13918:18246"",""probability"":0.0,""latitude"":49.18500000000001,""longitude"":2.465000000000008}]",5.536637111896867e-12
VIN013_20260213T130000Z_0003@0.500,VIN013,vehicle-91860af53a,VIN013_20260213T130000Z_0003,train,0.5,49.196,2.468,49.214,2.482,g13921:18248,49.21399999999995,2.4820000000000038,g13921:18248,0.8833333333333333,1.0,"[{""rank"":1,""cell"":""g13921:18248"",""probability"":0.8833333333333333,""latitude"":49.21500000000001,""longitude"":2.4849999999999897},{""rank"":2,""cell"":""g13920:18248"",""probability"":0.058333333333333334,""latitude"":49.20500000000002,""longitude"":2.4849999999999897},{""rank"":3,""cell"":""g13920:18247"",""probability"":0.025,""latitude"":49.20500000000002,""longitude"":2.4749999999999988},{""rank"":4,""cell"":""g13918:18246"",""probability"":0.008333333333333333,""latitude"":49.18500000000001,""longitude"":2.465000000000008},{""rank"":5,""cell"":""g13906:18238"",""probability"":0.008333333333333333,""latitude"":49.065000000000005,""longitude"":2.3849999999999953}]",5.536637111896867e-12
VIN013_20260213T160000Z_0004@0.000,VIN013,vehicle-91860af53a,VIN013_20260213T160000Z_0004,train,0.0,49.199,2.472,49.209,2.489,g13920:18248,49.20899999999991,2.488999999999999,g13920:18248,0.9,1.0,"[{""rank"":1,""cell"":""g13920:18248"",""probability"":0.9,""latitude"":49.20500000000002,""longitude"":2.4849999999999897},{""rank"":2,""cell"":""g13921:18248"",""probability"":0.09166666666666666,""latitude"":49.21500000000001,""longitude"":2.4849999999999897},{""rank"":3,""cell"":""g13917:18246"",""probability"":0.008333333333333333,""latitude"":49.17500000000002,""longitude"":2.465000000000008},{""rank"":4,""cell"":""g13920:18247"",""probability"":0.0,""latitude"":49.20500000000002,""longitude"":2.4749999999999988},{""rank"":5,""cell"":""g13919:18246"",""probability"":0.0,""latitude"":49.195,""longitude"":2.465000000000008}]",1.027135399617604e-11
VIN013_20260213T160000Z_0004@0.250,VIN013,vehicle-91860af53a,VIN013_20260213T160000Z_0004,train,0.25,49.199,2.472,49.209,2.489,g13920:18248,49.20899999999991,2.488999999999999,g13920:18248,0.9083333333333333,1.0,"[{""rank"":1,""cell"":""g13920:18248"",""probability"":0.9083333333333333,""latitude"":49.20500000000002,""longitude"":2.4849999999999897},{""rank"":2,""cell"":""g13921:18248"",""probability"":0.09166666666666666,""latitude"":49.21500000000001,""longitude"":2.4849999999999897},{""rank"":3,""cell"":""g13920:18247"",""probability"":0.0,""latitude"":49.20500000000002,""longitude"":2.4749999999999988},{""rank"":4,""cell"":""g13919:18246"",""probability"":0.0,""latitude"":49.195,""longitude"":2.465000000000008},{""rank"":5,""cell"":""g13918:18246"",""probability"":0.0,""latitude"":49.18500000000001,""longitude"":2.465000000000008}]",1.027135399617604e-11
VIN013_20260213T160000Z_0004@0.500,VIN013,vehicle-91860af53a,VIN013_20260213T160000Z_0004,train,0.5,49.199,2.472,49.209,2.489,g13920:18248,49.20899999999991,2.488999999999999,g13920:18248,0.8333333333333334,1.0,"[{""rank"":1,""cell"":""g13920:18248"",""probability"":0.8333333333333334,""latitude"":49.20500000000002,""longitude"":2.4849999999999897},{""rank"":2,""cell"":""g13921:18248"",""probability"":0.15,""latitude"":49.21500000000001,""longitude"":2.4849999999999897},{""rank"":3,""cell"":""g13917:18246"",""probability"":0.008333333333333333,""latitude"":49.17500000000002,""longitude"":2.465000000000008},{""rank"":4,""cell"":""g13914:18244"",""probability"":0.008333333333333333,""latitude"":49.14500000000002,""longitude"":2.4449999999999976},{""rank"":5,""cell"":""g13919:18246"",""probability"":0.0,""latitude"":49.195,""longitude"":2.465000000000008}]",1.027135399617604e-11
VIN013_20260213T190000Z_0005@0.000,VIN013,vehicle-91860af53a,VIN013_20260213T190000Z_0005,train,0.0,49.202,2.476,49.216,2.484,g13921:18248,49.21600000000005,2.4840000000000004,g13921:18248,0.8333333333333334,1.0,"[{""rank"":1,""cell"":""g13921:18248"",""probability"":0.8333333333333334,""latitude"":49.21500000000001,""longitude"":2.4849999999999897},{""rank"":2,""cell"":""g13920:18248"",""probability"":0.125,""latitude"":49.20500000000002,""longitude"":2.4849999999999897},{""rank"":3,""cell"":""g13918:18246"",""probability"":0.016666666666666666,""latitude"":49.18500000000001,""longitude"":2.465000000000008},{""rank"":4,""cell"":""g13920:18247"",""probability"":0.008333333333333333,""latitude"":49.20500000000002,""longitude"":2.4749999999999988},{""rank"":5,""cell"":""g13919:18246"",""probability"":0.008333333333333333,""latitude"":49.195,""longitude"":2.465000000000008}]",5.5307140166496984e-12
VIN013_20260213T190000Z_0005@0.250,VIN013,vehicle-91860af53a,VIN013_20260213T190000Z_0005,train,0.25,49.202,2.476,49.216,2.484,g13921:18248,49.21600000000005,2.4840000000000004,g13921:18248,0.9166666666666666,1.0,"[{""rank"":1,""cell"":""g13921:18248"",""probability"":0.9166666666666666,""latitude"":49.21500000000001,""longitude"":2.4849999999999897},{""rank"":2,""cell"":""g13920:18248"",""probability"":0.075,""latitude"":49.20500000000002,""longitude"":2.4849999999999897},{""rank"":3,""cell"":""g13919:18246"",""probability"":0.008333333333333333,""latitude"":49.195,""longitude"":2.465000000000008},{""rank"":4,""cell"":""g13920:18247"",""probability"":0.0,""latitude"":49.20500000000002,""longitude"":2.4749999999999988},{""rank"":5,""cell"":""g13918:18246"",""probability"":0.0,""latitude"":49.18500000000001,""longitude"":2.465000000000008}]",5.5307140166496984e-12
VIN013_20260213T190000Z_0005@0.500,VIN013,vehicle-91860af53a,VIN013_20260213T190000Z_0005,train,0.5,49.202,2.476,49.216,2.484,g13921:18248,49.21600000000005,2.4840000000000004,g13921:18248,0.9166666666666666,1.0,"[{""rank"":1,""cell"":""g13921:18248"",""probability"":0.9166666666666666,""latitude"":49.21500000000001,""longitude"":2.4849999999999897},{""rank"":2,""cell"":""g13920:18248"",""probability"":0.06666666666666667,""latitude"":49.20500000000002,""longitude"":2.4849999999999897},{""rank"":3,""cell"":""g13920:18247"",""probability"":0.008333333333333333,""latitude"":49.20500000000002,""longitude"":2.4749999999999988},{""rank"":4,""cell"":""g13919:18246"",""probability"":0.008333333333333333,""latitude"":49.195,""longitude"":2.465000000000008},{""rank"":5,""cell"":""g13918:18246"",""probability"":0.0,""latitude"":49.18500000000001,""longitude"":2.465000000000008}]",5.5307140166496984e-12
